-- phpMyAdmin SQL Dump
-- version 3.2.4
-- http://www.phpmyadmin.net
--
-- Host: localhost
-- Generation Time: Nov 06, 2018 at 02:19 
-- Server version: 5.1.41
-- PHP Version: 5.3.1

SET SQL_MODE="NO_AUTO_VALUE_ON_ZERO";


/*!40101 SET @OLD_CHARACTER_SET_CLIENT=@@CHARACTER_SET_CLIENT */;
/*!40101 SET @OLD_CHARACTER_SET_RESULTS=@@CHARACTER_SET_RESULTS */;
/*!40101 SET @OLD_COLLATION_CONNECTION=@@COLLATION_CONNECTION */;
/*!40101 SET NAMES utf8 */;

--
-- Database: `reward`
--
CREATE DATABASE `reward` DEFAULT CHARACTER SET latin1 COLLATE latin1_swedish_ci;
USE `reward`;

-- --------------------------------------------------------

--
-- Table structure for table `bagian`
--

CREATE TABLE IF NOT EXISTS `bagian` (
  `Kd_Bagian` varchar(20) NOT NULL,
  `Nm_Bagian` varchar(100) DEFAULT NULL,
  `Keterangan` varchar(100) DEFAULT NULL,
  `CreatedBy` varchar(100) DEFAULT NULL,
  `CreatedDate` date DEFAULT NULL,
  `CreatedOn` varchar(100) DEFAULT NULL,
  `UpdatedBy` varchar(100) DEFAULT NULL,
  `UpdatedDate` date DEFAULT NULL,
  `UpdatedOn` varchar(100) DEFAULT NULL,
  `id_bagian` int(11) NOT NULL AUTO_INCREMENT,
  PRIMARY KEY (`id_bagian`)
) ENGINE=MyISAM  DEFAULT CHARSET=latin1 AUTO_INCREMENT=64 ;

--
-- Dumping data for table `bagian`
--

INSERT INTO `bagian` (`Kd_Bagian`, `Nm_Bagian`, `Keterangan`, `CreatedBy`, `CreatedDate`, `CreatedOn`, `UpdatedBy`, `UpdatedDate`, `UpdatedOn`, `id_bagian`) VALUES
('FINISHING1', 'FINISHING1', NULL, '1', NULL, '192.168.26.205', '1', NULL, '192.168.26.205', 1),
('CONVERTING1', 'CONVERTING1', 'CONVERTING1', '1', NULL, '192.168.26.205', '1', NULL, '192.168.26.205', 2),
('RAJANG', 'RAJANG', NULL, '1', NULL, '192.168.17.39', '1', NULL, '192.168.17.39', 3),
('OUT KOP-2', 'OUT KOP-2', NULL, '1', NULL, '192.168.17.22', '1', NULL, '192.168.17.22', 4),
('OUT CAKAP-2', 'OUT CAKAP-2', NULL, '1', NULL, '192.168.17.22', '1', NULL, '192.168.17.22', 5),
('EMBOSS1', 'EMBOSS1', NULL, '1', NULL, '192.168.26.205', '1', NULL, '192.168.26.205', 6),
('GUDANG1', 'GUDANG1', NULL, '1', NULL, '192.168.26.205', '1', NULL, '192.168.26.205', 7),
('IS1', 'IS1', '-', '1', NULL, '192.168.26.205', '1', NULL, '192.168.26.205', 8),
('TEKNISI1', 'TEKNISI1', NULL, '1', NULL, '192.168.26.205', '1', NULL, '192.168.26.205', 9),
('CONVERTING SP-2', 'CONVERTING SP-2', '-', '1', NULL, '192.168.17.53', '1', NULL, '192.168.17.53', 10),
('PENGEMBANGAN I', 'PENGEMBANGAN I-', '-', '1', NULL, '192.168.17.53', '1', NULL, '192.168.17.53', 11),
('HR SP-2', 'HR SP-2', '-', '1', NULL, '192.168.17.53', '1', NULL, '192.168.17.53', 12),
('EMBOSS SP-2', 'EMBOSS SP-2', '-', '1', NULL, '192.168.17.53', '1', NULL, '192.168.17.53', 13),
('PRODUKSI SP-1', 'PRODUKSI SP-1', '-', '1', NULL, '192.168.17.53', '1', NULL, '192.168.17.53', 14),
('SATPAM SP-2', 'SATPAM SP-2', '-', '1', NULL, '192.168.17.53', '1', NULL, '192.168.17.53', 15),
('6', 'PRODUKSI1', NULL, '1', NULL, '192.168.26.205', '1', NULL, '192.168.26.205', 16),
('HRI', 'HRI', 'HRI', '1', NULL, '10.0.2.15', '1', NULL, '10.0.2.15', 17),
('8', 'OUT KOP-1', NULL, '1', NULL, '192.168.26.205', '1', NULL, '192.168.26.205', 18),
('KIRIMAN1', 'KIRIMAN1', NULL, '1', NULL, '192.168.26.205', '1', NULL, '192.168.26.205', 19),
('PENGEMBANGAN1', 'PENGEMBANGAN1', NULL, '1', NULL, '192.168.26.205', '1', NULL, '192.168.26.205', 20),
('QC1', 'QC1', NULL, '1', NULL, '192.168.26.205', '1', NULL, '192.168.26.205', 21),
('SATPAM1', 'SATPAM1', NULL, '1', NULL, '192.168.26.205', '1', NULL, '192.168.26.205', 22),
('STUDIO1', 'STUDIO1', NULL, '1', NULL, '192.168.26.205', '1', NULL, '192.168.26.205', 23),
('IS SP-2', 'IS SP-2', '-', '1', NULL, '192.168.17.22', '1', NULL, '192.168.17.22', 24),
('OUT-CAKAP -1', 'OUT-CAKAP -1', NULL, '1', NULL, '192.168.26.205', '1', NULL, '10.0.2.15', 25),
('CETAK', 'CETAK', '-', '1', NULL, '192.168.17.39', '1', NULL, '192.168.17.39', 26),
('CONVERTING', 'CONVERTING', '-', '1', NULL, '192.168.17.39', '1', NULL, '10.0.2.15', 27),
('OUT CAKAP -2', 'OUT CAKAP -2', NULL, '1', NULL, '192.168.17.22', '1', NULL, '192.168.17.22', 28),
('FINISHING ', 'FINISHING ', '-', '1', NULL, '192.168.17.39', '1', NULL, '192.168.17.39', 29),
('GUDANG', 'GUDANG', '-', '1', NULL, '192.168.17.39', '1', NULL, '10.0.2.15', 30),
('ISI', 'ISI', '-', '1', NULL, '192.168.17.39', '1', NULL, '10.0.2.15', 31),
('KIRIMAN', 'KIRIMAN', '-', '1', NULL, '192.168.17.39', '1', NULL, '10.0.2.15', 32),
('KAL-2', 'KALKULASI-2', 'KALKULASI-2', '1', NULL, 'fe80::2c78:65a8:66ba:d736%12', '1', NULL, 'fe80::2c78:65a8:66ba:d736%12', 33),
('PONZ', 'PONZ', '-', '1', NULL, '192.168.17.39', '1', NULL, '192.168.17.39', 34),
('PRODUKSI', 'PRODUKSI', '-', '1', NULL, '192.168.17.39', '1', NULL, '192.168.17.39', 35),
('QC', 'QC', '-', '1', NULL, '192.168.17.39', '1', NULL, '10.0.2.15', 36),
('SATPAM', 'SATPAM', '-', '1', NULL, '192.168.17.39', '1', NULL, '10.0.2.15', 37),
('SLITER', 'SLITER', '-', '1', NULL, '192.168.17.39', '1', NULL, '192.168.17.39', 38),
('STUDIO', 'STUDIO', '-', '1', NULL, '192.168.17.39', '1', NULL, '10.0.2.15', 39),
('TEKNISI', 'TEKNISI', '-', '1', NULL, '192.168.17.39', '1', NULL, '192.168.17.39', 40),
('UMUM', 'UMUM', '-', '1', NULL, '192.168.17.39', '1', NULL, '10.0.2.15', 41),
('COST CONTROL', 'COST CONTROL', '-', '1', NULL, '192.168.17.39', '1', NULL, '192.168.17.39', 42),
('EMBOSS', 'EMBOSS', '-', '1', NULL, '192.168.17.39', '1', NULL, '192.168.17.53', 43),
('FINISHING SP-2', 'FINISHING SP-2', '-', '1', NULL, '192.168.17.39', '1', NULL, '192.168.17.39', 44),
('FINISH-PL', 'FINISH-PL', '-', '1', NULL, '192.168.17.39', '1', NULL, '192.168.17.39', 45),
('FINISH-SC', 'FINISH-SC', '-', '1', NULL, '192.168.17.39', '1', NULL, '192.168.17.39', 46),
('GALVANIK', 'GALVANIK', '-', '1', NULL, '192.168.17.39', '1', NULL, '192.168.17.39', 47),
('GUDANG SP-2', 'GUDANG SP-2', '-', '1', NULL, '192.168.17.39', '1', NULL, '192.168.17.39', 48),
('IS', 'IS', '-', '1', NULL, '192.168.17.39', '1', NULL, '192.168.17.39', 49),
('IT', 'IT', '-', '1', NULL, '192.168.17.39', '1', NULL, '192.168.17.39', 50),
('KALKULASI', 'KALKULASI', '-', '1', NULL, '192.168.17.39', '1', NULL, '192.168.17.39', 51),
('KIRIMAN SP-2', 'KIRIMAN SP-2', '-', '1', NULL, '192.168.17.39', '1', NULL, '192.168.17.39', 52),
('PEMBELIAN', 'PEMBELIAN', '-', '1', NULL, '192.168.17.39', '1', NULL, '192.168.17.39', 53),
('PENGEMBANGAN', 'PENGEMBANGAN II', '-', '1', NULL, '192.168.17.39', '1', NULL, '192.168.17.53', 54),
('PRODUKSI SP-2', 'PRODUKSI SP-2', '-', '1', NULL, '192.168.17.39', '1', NULL, '192.168.17.39', 55),
('QC-2', 'QC-2', '-', '1', NULL, '192.168.17.39', '1', NULL, '192.168.17.39', 56),
('SLITTER SP-2', 'SLITTER SP-2', '-', '1', NULL, '192.168.17.39', '1', NULL, '192.168.17.39', 57),
('STAMPING SP-2', 'STAMPING SP-2', '-', '1', NULL, '192.168.17.39', '1', NULL, '192.168.17.39', 58),
('TEKNISI SP-2', 'TEKNISI SP-2', '-', '1', NULL, '192.168.17.39', '1', NULL, '192.168.17.39', 59),
('UMUM-2', 'UMUM-2', '-', '1', NULL, '192.168.17.39', '1', NULL, '192.168.17.39', 60),
('OUT-CAKAP -2', 'OUT-CAKAP -2', NULL, '1', NULL, '10.0.2.15', '1', NULL, '10.0.2.15', 61),
('RAJANG FIN', 'RAJANG FIN', NULL, '1', NULL, '192.168.17.39', '1', NULL, '192.168.17.39', 62),
('SYSTEM', 'SYSTEM', '-', '1', NULL, '192.168.17.39', '1', NULL, '192.168.17.39', 63);

-- --------------------------------------------------------

--
-- Table structure for table `credential`
--

CREATE TABLE IF NOT EXISTS `credential` (
  `id_akses` int(11) NOT NULL AUTO_INCREMENT,
  `hak_akses` enum('SISTEM','HR/IS','KABAG','SEKRETARIAT','PLANT MANAGER','SUPER ADMIN','REWARD') DEFAULT NULL,
  `username` varchar(50) DEFAULT NULL,
  `password` varchar(255) DEFAULT NULL,
  `last_login` date DEFAULT NULL,
  `id_karyawan` varchar(100) DEFAULT NULL,
  `status` varchar(10) DEFAULT NULL,
  PRIMARY KEY (`id_akses`)
) ENGINE=MyISAM  DEFAULT CHARSET=latin1 AUTO_INCREMENT=26 ;

--
-- Dumping data for table `credential`
--

INSERT INTO `credential` (`id_akses`, `hak_akses`, `username`, `password`, `last_login`, `id_karyawan`, `status`) VALUES
(1, 'SUPER ADMIN', 'itholo', '45e1e2fcdaf4a4f031df9174431199a9', NULL, '93742', '1'),
(13, 'REWARD', 'ivana_d', '3fc0a7acf087f549ac2b266baf94b8b1', NULL, '93661', '1'),
(15, 'SUPER ADMIN', 'erwin', '785f0b13d4daf8eee0d11195f58302a4', NULL, '93980', '1'),
(16, 'SISTEM', 'is', '827ccb0eea8a706c4c34a16891f84e7b', NULL, '10184', '1'),
(24, 'SISTEM', 'diana', '3a23bb515e06d0e944ff916e79a7775c', '2018-10-05', '06801', '1'),
(25, 'SISTEM', 'susah', '827ccb0eea8a706c4c34a16891f84e7b', NULL, '07854	', '0');

-- --------------------------------------------------------

--
-- Table structure for table `ipb_cek_it`
--

CREATE TABLE IF NOT EXISTS `ipb_cek_it` (
  `id` int(11) NOT NULL AUTO_INCREMENT,
  `id_ipb_detail` int(11) NOT NULL,
  `tgl` datetime NOT NULL,
  `id_karyawan` int(11) NOT NULL,
  `keterangan` varchar(100) NOT NULL,
  `reff` varchar(10) NOT NULL,
  PRIMARY KEY (`id`)
) ENGINE=MyISAM  DEFAULT CHARSET=latin1 AUTO_INCREMENT=18 ;

--
-- Dumping data for table `ipb_cek_it`
--

INSERT INTO `ipb_cek_it` (`id`, `id_ipb_detail`, `tgl`, `id_karyawan`, `keterangan`, `reff`) VALUES
(7, 64, '2018-09-04 14:22:36', 260, 'sadasda', 'x32'),
(6, 66, '2018-09-04 10:45:02', 260, 'Tidak', 'r43'),
(5, 67, '2018-09-04 10:44:12', 260, 'oke', 'x21'),
(8, 69, '2018-09-04 14:23:17', 260, 'xxxx', 'e55'),
(9, 88, '2018-09-07 15:51:35', 260, 'oke', 'x43'),
(10, 98, '2018-09-15 13:27:07', 260, 'oke', 'b55'),
(11, 100, '2018-09-15 13:30:44', 260, 'oke', '998'),
(12, 102, '2018-09-27 11:05:35', 260, 'oke', '555'),
(13, 104, '2018-10-05 09:52:27', 260, 'oke', '33'),
(14, 105, '2018-10-05 09:55:39', 260, 'oye', '232'),
(15, 103, '2018-10-06 09:32:20', 260, 'xaxaxa', '2222'),
(17, 117, '2018-10-17 12:22:01', 260, 'barang aman', 'x45');

-- --------------------------------------------------------

--
-- Table structure for table `ipb_finger`
--

CREATE TABLE IF NOT EXISTS `ipb_finger` (
  `id` int(11) NOT NULL AUTO_INCREMENT,
  `nama` varchar(50) NOT NULL,
  `jari1` text NOT NULL,
  `jari2` text NOT NULL,
  `jari3` text NOT NULL,
  PRIMARY KEY (`id`)
) ENGINE=MyISAM  DEFAULT CHARSET=latin1 AUTO_INCREMENT=13 ;

--
-- Dumping data for table `ipb_finger`
--

INSERT INTO `ipb_finger` (`id`, `nama`, `jari1`, `jari2`, `jari3`) VALUES
(12, 'User X', '505730D4D6BA2E75856AA0CBC0065900F88101C82AE3735CC0413709AB71F09B145592DD83F990F43E3C051031A06166E62CFE57A32183DF5E06D186B675819090FD81E66BB599EE42CE7F804957799F58E7A9B5AFB0B8B24598B63A368BF7AE8E971C1CCDE6CAB7AA979E1565EC20FEC7CE7E4DD07F809C658AEA0A26E17B4B9A5876B0285B4ABAB3B3C3905628F0BB11F23603DC4BC24150333DDCD404D698D4D54A2DE08F426E9893BD85B99FABF86DB3A7A4F4E58F9CDB99EB57E8DD5E921C5FA1A4CD6456D0FC201DADDD80B85D2F00119F5BC332D93A841AFEFD1583ACE38F7DC0BE62DBBB4E3E2B7377155EC8F62075637A9B42978BD51CF055879BAAC38CAEEB72B98ABB6A6F620F0BD93CBF19FCB0F43E138716B92C3A9942DACEB134E77014A328861C611C86ED0CCC6E4AB4B475D9FAE6C84D323D8B25AA28156F5CDCB04AF01190A354988827593D969BF891D8B9167F580376781D85BFFAAA96309CB6582104E173DD7DDCE3FCD1F621F6B0ABAF9FE355B5EEF1CD4D6D5CCD311BBB1B099FC910EA39CD476EC6990C0BCA439BF5C69DE60957FE58EBD9476F00F87E01C82AE3735CC0413709AB7130A5145592247C34431E5E682E7CC57AA229B2F2AD8468E15B7BCCA55164F58C533FACD67A48EFE96D252CCA5A60AF76DFFE18FD15F0408373AE2D3C5FCAF48A21243287FF794902C76A8257B64E890A5C450EFB72293396C016542C403C17DBF8981CBF3C2A1EC40B1CACBFFE45E8BDDCDC1853C22474B036BF28A242A61A21D2FF54A2B2E561664E2F439AD0C12AC36CC13DB4FC19376EA5796AC39C31F6789BB99F113F576867F0ECC21F8344199BB2B80F008B3C44911390B565C06397B34B09F4244757B3AD8D1E59F6B1222C90552B9ACD38F6A050A0145AE597B4AE67E115BFA24241A2E34C59ED05A808EE17A0661722A082E03BBB60101CC2E5B5FF322EA504D41438199E46256437DEEB0D2E6DAC2FCADD5F3E99338E4D0A7EC985F864D90A14C61BB7BAA99633BB0F8A10F6052299B120D366255490F032A68F1AD0EF0300B4B30817297340B548E0F47B2E2587844A40A7DD33324354153D2F34B51007E5569C189E4ED8AC6D6BBF1ADA42D6286F00F87F01C82AE3735CC0413709AB71B0A5145592BC6DC3E411DA5CB5BA57DBE35BCC68A3365B5133B674DADA1D107C74CA27C2EFF812C2E547B084605C0FB1C644C17600F9ED995AEA088862077B0CD7047BC02AA44E796A3EAB91A840C8DFC9724B95BA7202E9D27988658A9ED0C4936C687125D213A6A389D30929C782AF9BBED8347C7B3A74C5F2ACA74622E96BBC1EF0A337955CCA727798ABF02AE520B16445CE1E7055C8731AFEB72FF2FE3E51780278A038C0CE432F7F326DAA5084A93FA25ABEC19A57646BC63B1D6C429967BBDAA70225C1D2208FEBE4758629CBC992434474AA1C483BDB59EBDFFFE1951725927DC45EB983172C663996B2690B9641B57D46135DCDCFEE46921AC17CD013387A0B2833544A0F0A8FBD79F5BB4A98F7C81DA45AB5AA4CB3CD768BC594103AD3908E73949B1A55B5FA34F22D2AE153851396528D472F56330014A0E95D130F794EB924EBBFF83F02043F30B5D2B8A201C82879902CD858626A3173380BDAF8C9E347976ACCB572438EDC30B29A411452C52E6F00E87F01C82AE3735CC0413709AB71709514559275AF694850D755965A01B70D267F05D3120E183629F47DB14CEDEC79B4D0C14C7FFF35FAF08A694CF089FBA1A2325C3BB2C890D636E517D5A50507FDF876A1BEC7B0C3CBC95E49EC4A427A86820DB9A2E86FBDC22CED8208112D9073836D15B229DCEAE6FC31F4D57591322DB4C0E6413D7818E55696B184B681DECAC4B45A75F8A46A03B8C895657B9F5E5A0D4DE42D54181EF42D1AD7483C7B856BF5F96CB2F4ECB5FA9CB626D84AD56D0C1C5627C9C94373D8ED73A12E3B43F61A931B7E296757194F3FF5902FEF729256769CE495F9C5707A60AF9ADBE2418AE6104416B4B3484F016EB9D250889BDFB57DF0CBB34E72C4DEE128BF338FC2079AFE6943B354F848066A8D5A1413741ABD5E1F46B3B9C6BAEC8B4A6C5984AE1DB00A66B26D091189B9050E166774821619AF0B299B2E4D18080DFC3276C107677F38A05DF0A248060B2AF19E0DFB48E9E2E1F23DB50620C57A8BF49B7DE21A7D3A0A07B499B4C8353B42C1E20BD0862448C9E28D6F00000000000000000000000000000000000000000000000000000000000000000000000000000000000000000000000000000000000000000000000000000000000000000000000000000000000000', '', '225136D1A5C25B0DFA6ED0CEB2032F00F87F01C82AE3735CC0413709AB7170A21455928ABB1C0E7C4C13D7B472C6ED8D04C8ED7F95E547800C073C681EAE059F4A2D062DD27936FCAEBEC4BCE369510EE9A37E32C26A6F589C537E0BE2C6FC092751D4D6DAEF89A1A40F1E5A679F02B4A6B91389C6BAA6A289AF9ACAE12AFA252953D0618B401ACC37B26DB108171EE193164BF06E0A8D4F592A300AA23F102D0F29EF2F38464E366E2BB10FAE9DF373EDE0DCEC93DE9C21675740A2DAF941A7D5533139CFA74185C744DD2D0D6BC721EC76B3AE47D03836A76A2424D8E18E9A660D1E7F98594832D8C09E7E2263E35E89FFBA27E581B15E02FBF8F11FC344FF101C2CA5F7B905845AC9F9F43AF158E0A02327DB57095579976C822A03018BE774369A93F4F82F2ED46A0C6333CC596CF2BD5FFB2194A9DF8A354719A809A309D93840573777883C710BD9D2B287D2F529116195FA61C00E6A057F73DFF3684B07BF9FE6E0856DB550C216C73D9FA31EDB9F031D7FEE2BBAEE6CF396D2A716CD0A4A62DFCACA7110E1586F8CCE20B09C0140DE25B1284FC4BADF5DF26F00F88101C82AE3735CC0413709AB71308214559202709190793CF263E26D314CBBF895231C0799F89689D98F2780B043FE296F51CECB5B454AB30FAC3FD3B006B9BB327774A97072032052F6EA978499AF164A7D9A87E72F3E648D97428947B0E68993A6BB1B17301DAEC5A14FCD3840DCEEADE49EC3793DAE6DD46253D82FB568B7C98164C3836686A441DB94ACD7C61077B91E5700D47A141320BB927586609AB91444558CBD9A635CBD00F85FAD1945CC594EA636113F3ED38F05E44F12E8E746D2470CE794A800156574D6AB084B632C600FE01501E8AE73BD791804A3006C9F42E1F599E190B8D1B97162AE9D3AB83306E4A657A556DDB3FB4EF44907C93C1C9E0CB79D81A779882802B2551F8C08271E8C87B58C4DEB8CE3998D6C2E9B400B23ADD7428274CB0DD3EE45D4D1257DC8B033348C44C880C62CF43A02336C744F8D188D93801C8D4785BF1EA479FC96BDEAB9F9D4D343380CC1F6D79B6E31D47869061313FA8336A9575D53E0E7A4FE30F1BBF3882C2F1B34CE3ABE0AFCEF472FBFFF2D6F00F88101C82AE3735CC0413709AB71F0AE1455925D6883EF013780CEA8A1CE9A0DC5C34AC7A54E6A91E5C767263CA27A37BB1D90B380CB9A7BAB682CD82F646F7A878B4A436228628C7DF334D0042FA691FDE7C0277B2CABB18248D28D9456DBD1003DE2CE76D395F77093446FBE0DF4B71E8ED84B3C82A9B85C0A82AC6594465C8EDB2F70FB65676BADB8BD7D9D9E1D11A105546946D220E1F907B2759410243E81F78AAC8FE352EB5D421DF29F531756AC0F59D24488353510F6AD1116D8D2A37ABA7A1340EC0B090581553D27CB06E402C82006B6004673DF1CFE21CAC42CB987A6FBB263D20B0605FD13F4CBC2033F40A8DFE3C3CF95E0A6D25D374A8A64997AB927E77B09851A3AC0CFE0CBC6A221F96D00EA3F9D232502FCE6B63F780960956695358D4DAC5C9DC0636CC1ABB1510A2AF454A899445E36AF4720843C3281B89962A228918E31F7153F4984B799B608C187BE7780913F0FD214883D5BD51073D598B8D0DFD2173B1D90C31FC976068062B03336976B37BAAF6F4328AD9628FE447E2D6F00E88001C82AE3735CC0413709AB71B0831455925C962D0EC069DF1E0DCA4DB9B0F729DE2ABD8AD6407802EA31859D68DB25EC95ADEA6D2BBD8AD904B535A94764B5BBAFB54781E8FB37235381941E1DDD93965B5DCEA22960338DFBED2904885BEA105F2CF6FB1D10DDA6F0528DF74B839F7BAF1DF4E69688F5100FED443D2ABF2F4F87853A99D75279983584A3429FB2FC9ABE203213170E775C812383F941CF10A479B9CFAE8C889426E81112738CFF545EF8FF383B262B537D2EC27F7D932DA8E72F7D73A20D5647B565855BA69F6EDDD8AAB4EB8CF15BFEBC9B54F1E95345E62AC885BE486775F2300B6AA1C884FB910BE47C0BBED23073A0BDADA2BB2F9227025216D0DD0925FACD8C6A21A8B3AA24D43771EACA842098C0F12A69E2A931C8508691C0A8B4E5FCF1A8A58AC296C87DCF2166669CB19F7440DE849B22AC593A363E2658E63BA1C1F0F258AC4F4D8AF6BC62EAB78970F35B16BE82ED8650F34A4850D824A3244E8175A73E2D53FF73FD1CAD321F2B4F7BD21791E72974E07357A0346F000000000000000000000000000000000000000000000000000000000000000000000000000000000000000000000000000000000000000000000000000000000000000000000000000000'),
(11, 'Admin', '515233D3D8B9517EF41BDBCDB5095900F88001C82AE3735CC0413709AB713094145592211EE44E2DF11A9DFDE3C29E0D49A16E752CF55BB51C5ECC18271CEE032B44141D3B6D0414AD47CEC8EF231F8C900E69CD7E657825F02FFBCF1420EAF8C99A0CDC56A4FA54855960CADAD3770EFE01E5B9CD36680CB548CC36F502801555C228009A095E24D2321697C7FC0538E190ED325B00EA4C4AE798469A51A59E427975B747FF1700739D897B376484BE1DE9F40FA07C66F83555F5FA8A1B70198F9492BAE91C90C2664E60A67E4C6916C861902488B543D6F174AD7633E64697EEA67B4332FA124095AAE004A419A304969F73C210BAD92D67B8F09218A6CBAA7FA8901691103881EB605FFE77111F305830ABEFAF4160C76694663BE9D94B5364755DDEDA1DCF20938FC44A43D90E9F7A41E77DD8BFC09C74E4D115FD7AC505A997B3525DE92CE8B83D29F1891EEFA6FA1156C0BD4C0FEC99CC68BB79396EB70ECFE534F3BAAB05A228B3FC49BAF8FB57E7DD2A5F77F848C439017EE20B7653F7AD1209CFD92EB63F26CB1178DB421D51EFDA83FDE02454065E2B9A916F00F87F01C82AE3735CC0413709AB71F0FA1455928DED20FCCAC8EB6502DB15DE00167EF50E6E019B90A937EDB58BFE8A4C1AC000A63510DA22CE21E1F83E5153B703F5A5C913E5823759802F11DB5144EFA4B3260A041CA2E3BBF37640906B0C9A63B6007BC1492E93DB485800218EB52C4F73D0798B019436B724D4B06BA4552FB3EF9EFBF5E96CD0B49C26F09C0419C2923C1A9C68B3656F81123689D8EEB7DED4445920CA3D702AFADFDB06E7178B85CC7D90481A63FE9717B812E6FE8C421FD504E5AF213D5E65063C60716D88A6290CFF1DFEE2C967AE4E204D5946A60A414381B4D1BD707401786183C11F5BE140D847A78A1A4B10DE9802F3C098AEFFAA7B94262BF529F146ABE00171C233E8DABE1BFEB0195D29434BC95931702E15C01046C0BD33BF33706E07A98B6ED28068F6EA81417A662F518D76167E9C02F865AF6BF71BE997C71DFACB4337AE19ADFB7E07D13933FA3CA75724AE203CFE983B556FA47314D0CB6CFEE4AC4EBE6A6E105DE4B636D4D41F4F6E6CD33BBE86780198946F00F88001C82AE3735CC0413709AB71F09814559232F27C0037BA43B8BD856B83EDFEEC0C6D85DCF3DA3C6E623B9BAF1E47D81A3D85C29260647F1D77BA440F12778846514FB0C353D020E22FE6F9BE681007F4459D944F696BFC5CB7353531E686DDD36111F2C8DBFB04CFF7640838B8FA2B7C93A3FB579B8F48765BC5C8C317EC0B22554A269769A4425D9A842E17DC52451B8D953C6EF532E2A02B1096386469ADA8B6767C7FC38B08A2297C9C52FB0F7E29FDC2F815D151FBD13E31BA10760F4558D2691D376BDBB5A6C3F221553F51372E75722A2E6D9A5141BAB4817424D5606A4206E14C765CF45F6115521F17DA8A2EFFD6C5FF93665B98E1BB1F8F085082B5331E1BD81D5EA7BB51B4ABFFC4D5C739FE9747B01BD4F71952D7C0024AF529694D8D732C9B1F9E0E4DED16FB90ED02C467349FF1962838631620795D76ADA1DDC68A0AEADDF8315591D07E85E470D44B6653533F195D7222E43E8004DF6FA1CBC0A2BBD51D009ED4DED86F44FA48FDA1E310507243C0C4CD9EA3234EC1E15835276F00E87F01C82AE3735CC0413709AB71F08814559232F1A2E4C59A6D43043804A9C6C9B0AA674908E47F3C416C10CD62FE98FD0A76D62DE042E8DFE37B7BE1111FA3FD54F3844ACDB8C1459438BB4B18255E03FCDB2F7F1B4377B268BE6B7B185EC6C897B0F97625DCCA0118369B147F0C2CF277A78A7365767FF9373AE836564213E0C2C0FFD9AB9B7B2113704D39EC8C1C3FB468B0B92A97EE22A0FBC2890EB20DC65EE52E67F5CDF11F4E46D61680775546F4C76BD4A1D0E0162BA3FA0C5073F0745C94C0873F982B4CBBA20B36378973BB57950DE08D2B40C785B21F21A988F50151DD9E8CF82435EF18415E25A90F1EE92CA4D36718DB3A2B2F11B8B36DB9FC7094002330E53EF7D54B0EB9625D130512CE5BEC6F4F366878DB16F98CD1680281BA1581973EFF1446FDEF3E23B3431D4B502139765E554A898EE34C746D3B3E1820D1B3F670EF324A86D1C748F6653B0E58AA90E2071A37B61611809C180C2D6B134817FB48C05CAF31AD7E8915BA983863453CFD6AEE93E966F762259EBD6CE34B6F000000000000000000000000000000000000000000000000000000000000000000000000000000000000000000000000000000000000000000000000000000000000000000000000000000000000', '51263CA1D7CE2A7CF51ED1BAC1745E00F87F01C82AE3735CC0413709AB7130E7145592CD2072CB4944DC27FC2285D28AB5AC62F74B7124ECB6BA2236CC11AB8562003C3C3924BA7CDA73DA1C33E6D4071BF138C2C2B2C095E6BA7FCA6D37C18AB9F098A8ADDB7D5010497F4CBED46F4ED6B4FD2DC31CD40C7DC17BCD446CDD931AD5E27743AEB517F033FE610909887905DFFB6D210609A5F001808964A040CBC5515413D18C5DF1E2ED41E1D6A870B446136CAA062A7952E7A9E7E17C5001E4EC4667F78A7314F543913417015DA90FCD5488564BD357165F68C116091D66A4F3D82E76AEFAA17B88ECF1AA2946C012FB99585C47DCFDFE7A479A62AD0403B5E0EA0658BC7C6202BDC4CF21620DEBAC94F330C5A85B9F0F40AC9BFDE5F893AD0B639081F52227C235F4B56FF7A64FC6234EFB6D8B722E08E779676BC6ED8266D9C328E70101C4AD45A782BFEC3327D5C4BE2FD1455EEF5525356BC877D25BE54AEE3FC78A1D1B8FC7E60EB177B9F2E5A5B9D653F4042B32A2AB4AED107CED59806F355B220778C53FABA02B2B814E4841E5DC1E945AA9C3A2B7207A6F00F88001C82AE3735CC0413709AB71B0E914559286EC4B4627913BB380CD2547143A62050340A88F72DFF95CED47C7A56FF3514EB1FAD0F5E789290B5FFB3C6ED0C73554EB0F5D5D16B99F78A7390508806104204ECB8296272A04784956E8DA7A068EF4054D98DCAC237210B945C558D7077908F46A81CC4E16406DC9B3E14D239DFAE199288D14803B2620DCED3FDF6BAADD4B3BA3337000403D2FA375268D312E25DCA57CB6DF93B1055FB3C6F1EF2431B7CA8F40453F9EBBBB02AD9D3327ADBFFCEF61377FEC49F66E23B8682A195EE35C482353E5A2783186296D3E5BBB375A6A4531EDFE31933C0F46BC3D25A4CB81ADAC8DE5662CFD5B977221E1DC77E03BCD96456BE5654ACEC71C65E9358C6196ECA7D639967DFFA88DA17D9F2089B56AC74FB48F5FFB69A69E31ADC0F2FD3F235B50DDB3FD8B7C9EE9569C00DA07119E38C8881E5CF03311181C22CEB1CB1F97F5356165B73B498FCCA80CDBDF830AF448AAA0A6DB735AC25801B0EFD0FBA23EF8B2F2CF4537164DA67CE0EB139C3EEE0E676F00F88001C82AE3735CC0413709AB7170D31455922C15D411E63C30329CBE80632FD7F6916A035C00BD04E6AEBBECBD423A7B85876901E6389447FD5F72DF9378936DB1C7B06DAADD779167F97780755C9D02F33495DFE30E900D387D620AFAB2612D5C875D09003458BCC4D28032345EFBB0E3F32CDA84BCFF9BCCD7DE07F369371DA234A81141C6B5DFEEFC73539E7C7CE4D19C2989F4D09DF6BA465989E7E03CA1C9DD92C8FF3CB08E7EDCD692A14D45C52ACA6507122F0BEDD37A6D7A74607E19D0583A7844F31CB77F82277D94439542BABE6DFD97A626BD4B706FA09451A883D086DCD6D61DE3A6912398C2A0663CF7B13A9A1B6C1F3D9C15456D3F1ADD176D2D3CFF59277E75796E19EB8AA9322A55BD61D1DC6CEFB2504C3948863E098D85848FC6253DF64DB0C969AD2CFB9E840A9D9EC7C1A11A95EBD16A862C919A14940D49CBDAD9B997AF4EE26562FC6D4EE82D0B7F0086B9394334D263CE991680449B1125435AD7DA549468C51AFCFE14626E046DB95DCBF658E6B8B8CB5D2D3B4247BC6F00E88001C82AE3735CC0413709AB7170E1145592BDEF835F27BB74E32DFCA7C77BFCA7AC500E746C7DF142C19B70D227D86BD3389317AAFC716E5240CC40BBD5DF6F8A3C0B8E676488599164D335E86CE69C542445FCC861789C87399CC7335B9A971359D5A659E62A912B3EFE4C7C4C28BC3FEE25645C096CF7E878C2DDC01E9EFE5EBD4DFA982BAE18F23CFC2EE39B5D647FE14DC96FFCAAC0C9F4D9658E9C96D40C1E7FD8A4E308A5DCC82C57D35A04EE21937A8A95EA04397CBED03E81C9564E6A9185ACF068B71DFE446D583EEE282324B2B07788C67FB70BE90E9FDD26C7126C85D1714D94DE13861EE15578B6C45D28D0E62D5BC6408DF204A732231BADD90FAFAE3F886270F7ADC046E918C6BFC14A6B4872AA6E1E43E0FC91220541DFB23674F0202FD2AB339F478D2CB3B73BC30EB5C11D4E768862838BCC0A702659A7B267FA7087A089C15B0828BACD27B399B4FA5DB78236A59B4069E33DB534EC546FA04C61F7C229FA9A668A6181EB37102E3412B6BF0D66E4C9F02288F4D177731C666F0000000000000000000000000000000000000000000000000000000000000000000000000000000000000000000000000000000000000000000000000000000000000000000000000000000000', '');

-- --------------------------------------------------------

--
-- Table structure for table `ipb_ipb`
--

CREATE TABLE IF NOT EXISTS `ipb_ipb` (
  `id` int(11) NOT NULL AUTO_INCREMENT,
  `nomor` varchar(50) NOT NULL,
  `nomor_bagian` int(11) NOT NULL,
  `tgl` datetime NOT NULL,
  `id_karyawan` int(11) NOT NULL,
  `ver_dept` varchar(100) NOT NULL,
  `id_ver_dept` int(11) NOT NULL,
  `tgl_ver_dept` datetime NOT NULL,
  `ver_is` varchar(100) NOT NULL,
  `id_ver_is` int(11) NOT NULL,
  `tgl_ver_is` datetime NOT NULL,
  `ver_sec` varchar(100) NOT NULL,
  `id_ver_sec` int(11) NOT NULL,
  `tgl_ver_sec` datetime NOT NULL,
  `barang_pribadi` varchar(5) NOT NULL,
  `status` varchar(10) NOT NULL,
  `status_satpam` varchar(10) NOT NULL,
  PRIMARY KEY (`id`)
) ENGINE=MyISAM  DEFAULT CHARSET=latin1 AUTO_INCREMENT=111 ;

--
-- Dumping data for table `ipb_ipb`
--

INSERT INTO `ipb_ipb` (`id`, `nomor`, `nomor_bagian`, `tgl`, `id_karyawan`, `ver_dept`, `id_ver_dept`, `tgl_ver_dept`, `ver_is`, `id_ver_is`, `tgl_ver_is`, `ver_sec`, `id_ver_sec`, `tgl_ver_sec`, `barang_pribadi`, `status`, `status_satpam`) VALUES
(50, '', 0, '0000-00-00 00:00:00', 12, 'T', 260, '2018-08-23 15:59:03', '', 0, '0000-00-00 00:00:00', '', 0, '0000-00-00 00:00:00', '', '', ''),
(49, '', 0, '0000-00-00 00:00:00', 258, 'T', 260, '2018-08-20 14:47:21', '', 0, '0000-00-00 00:00:00', '', 0, '0000-00-00 00:00:00', '', '', ''),
(48, '', 0, '0000-00-00 00:00:00', 11, 'T', 260, '2018-08-20 14:46:11', '', 0, '0000-00-00 00:00:00', '', 0, '0000-00-00 00:00:00', '', '', ''),
(47, '', 0, '0000-00-00 00:00:00', 267, 'T', 260, '2018-08-20 14:37:25', '', 0, '0000-00-00 00:00:00', '', 0, '0000-00-00 00:00:00', '', '', ''),
(46, '', 0, '0000-00-00 00:00:00', 267, 'T', 260, '2018-08-20 14:37:01', '', 0, '0000-00-00 00:00:00', '', 0, '0000-00-00 00:00:00', '', '', ''),
(51, '', 0, '0000-00-00 00:00:00', 258, 'T', 202, '2018-08-28 10:29:17', '', 0, '0000-00-00 00:00:00', '', 0, '0000-00-00 00:00:00', '', 'cek', ''),
(52, '', 0, '0000-00-00 00:00:00', 197, 'T', 260, '2018-08-30 15:25:31', '', 0, '0000-00-00 00:00:00', '', 0, '0000-00-00 00:00:00', '', 'cek', ''),
(53, '', 0, '0000-00-00 00:00:00', 161, 'T', 21, '2018-08-31 10:42:20', '', 0, '0000-00-00 00:00:00', '', 0, '0000-00-00 00:00:00', '', 'cek', ''),
(54, '', 0, '0000-00-00 00:00:00', 77, 'T', 21, '2018-08-31 11:10:00', '', 0, '0000-00-00 00:00:00', '', 0, '0000-00-00 00:00:00', '', 'cek', ''),
(55, '', 0, '2018-08-31 16:36:42', 255, '', 0, '0000-00-00 00:00:00', '', 0, '0000-00-00 00:00:00', '', 0, '0000-00-00 00:00:00', '', 'input', ''),
(56, '', 0, '2018-09-01 09:37:48', 12, 'x', 260, '2018-09-01 09:37:48', '', 0, '0000-00-00 00:00:00', '', 0, '0000-00-00 00:00:00', '', 'acc_bag', ''),
(57, '', 0, '2018-09-01 11:33:58', 267, '', 0, '0000-00-00 00:00:00', '', 0, '0000-00-00 00:00:00', '', 0, '0000-00-00 00:00:00', '', 'input', ''),
(58, '', 0, '2018-09-01 11:40:53', 308, '5555', 260, '2018-09-03 10:03:34', '', 0, '0000-00-00 00:00:00', '', 0, '0000-00-00 00:00:00', '', 'acc_bag', ''),
(59, '', 0, '2018-09-01 11:41:29', 22, '7777', 260, '2018-09-03 10:12:44', '', 0, '0000-00-00 00:00:00', '', 0, '0000-00-00 00:00:00', '', 'acc_bag', ''),
(60, '', 0, '2018-09-03 10:14:08', 22, 'xxxxx', 260, '2018-09-03 10:14:32', '', 0, '0000-00-00 00:00:00', '', 0, '0000-00-00 00:00:00', '', 'acc_bag', ''),
(61, '', 0, '2018-09-03 10:24:55', 260, '3333', 260, '2018-09-03 10:25:11', '', 0, '0000-00-00 00:00:00', '', 0, '0000-00-00 00:00:00', '', 'acc_bag', ''),
(62, '', 0, '2018-09-03 10:31:32', 261, '-', 260, '2018-09-03 10:31:42', '', 0, '0000-00-00 00:00:00', '', 0, '0000-00-00 00:00:00', '', 'no_acc_bag', ''),
(63, '', 0, '2018-09-03 10:33:29', 290, '-', 260, '2018-09-03 10:34:43', '', 0, '0000-00-00 00:00:00', '', 0, '0000-00-00 00:00:00', '', 'no_acc_bag', ''),
(64, '', 0, '2018-09-03 10:34:29', 10, 'xcxcxc', 260, '2018-09-03 10:34:52', '', 0, '0000-00-00 00:00:00', '', 0, '0000-00-00 00:00:00', '', 'acc_bag', ''),
(65, '', 0, '2018-09-03 10:36:49', 21, '-', 260, '2018-09-03 10:39:39', '', 0, '0000-00-00 00:00:00', '', 0, '0000-00-00 00:00:00', '', 'no_acc_bag', ''),
(66, '', 0, '2018-09-03 12:16:34', 11, 'sesese', 260, '2018-09-04 11:44:16', '', 0, '0000-00-00 00:00:00', '', 0, '0000-00-00 00:00:00', '', 'acc_bag', ''),
(67, '1/PNP-HLG/1/27/09/2018', 0, '2018-09-03 12:16:54', 197, 'xexe45', 260, '2018-09-04 14:21:20', '67.BMP', 11, '2018-09-27 10:18:11', '', 0, '0000-00-00 00:00:00', '', 'verifikasi', ''),
(68, '0000/VVV/1', 0, '2018-09-03 14:43:50', 12, 'vrvr', 260, '2018-09-03 14:43:50', '68.BMP', 11, '2018-09-20 11:22:08', 'f32', 52, '2018-10-30 09:11:45', '', 'verifikasi', 'sesuai'),
(69, '0000/VVV/2', 0, '2018-09-04 11:25:52', 11, '4545WW', 260, '2018-09-04 11:25:52', '69.BMP', 12, '2018-09-20 11:22:41', '-', 52, '2018-10-12 11:08:25', '', 'verifikasi', 'tidak'),
(70, '0000/VVV/3', 0, '2018-09-04 14:36:07', 290, 'c54', 260, '2018-09-04 14:36:07', '70.BMP', 11, '2018-09-20 11:46:03', 'x', 52, '2018-10-12 11:08:34', '', 'verifikasi', 'sesuai'),
(71, '0/PNP-HLG/0/27/09/2018', 0, '2018-09-04 14:37:56', 10, 'x99', 260, '2018-09-04 14:38:28', '71.BMP', 11, '2018-09-27 10:15:31', '', 52, '2018-10-29 10:51:00', '', 'verifikasi', 'sesuai'),
(72, '', 0, '2018-09-04 14:41:33', 9, '-', 260, '2018-09-04 15:02:15', '', 0, '0000-00-00 00:00:00', '', 0, '0000-00-00 00:00:00', '', 'no_acc_bag', ''),
(73, '', 0, '2018-09-06 08:39:43', 15, '', 0, '0000-00-00 00:00:00', '', 0, '0000-00-00 00:00:00', '', 0, '0000-00-00 00:00:00', '', 'input', ''),
(74, '', 0, '2018-09-07 11:02:34', 10, 'x3333', 260, '2018-09-07 11:05:13', '', 0, '0000-00-00 00:00:00', '', 0, '0000-00-00 00:00:00', '', 'acc_bag', ''),
(75, '', 0, '2018-09-07 11:06:04', 10, '4444', 260, '2018-09-07 11:07:00', '', 0, '0000-00-00 00:00:00', '', 0, '0000-00-00 00:00:00', '', 'no_ver', ''),
(76, '', 0, '2018-09-07 11:39:54', 11, 'x45', 260, '2018-09-07 15:06:51', '', 0, '0000-00-00 00:00:00', '', 0, '0000-00-00 00:00:00', '', 'acc_bag', ''),
(77, '', 0, '2018-09-07 15:10:32', 9, 'x4', 260, '2018-09-07 15:17:42', '', 0, '0000-00-00 00:00:00', '', 0, '0000-00-00 00:00:00', '', 'acc_bag', ''),
(78, '', 0, '2018-09-07 15:15:39', 9, 'x7', 260, '2018-09-07 15:19:37', '', 0, '0000-00-00 00:00:00', '', 0, '0000-00-00 00:00:00', '', 'acc_bag', ''),
(79, '', 0, '2018-09-07 15:15:45', 9, '33', 260, '2018-09-07 15:19:45', '', 0, '0000-00-00 00:00:00', '', 0, '0000-00-00 00:00:00', '', 'acc_bag', ''),
(80, '', 0, '2018-09-07 15:15:47', 9, '-', 260, '2018-09-07 15:19:59', '', 0, '0000-00-00 00:00:00', '', 0, '0000-00-00 00:00:00', '', 'no_acc_bag', ''),
(81, '', 0, '2018-09-07 15:15:59', 9, '-', 260, '2018-09-07 15:20:03', '', 0, '0000-00-00 00:00:00', '', 0, '0000-00-00 00:00:00', '', 'no_acc_bag', ''),
(82, '', 0, '2018-09-07 15:16:07', 9, '-', 260, '2018-09-07 15:20:06', '', 0, '0000-00-00 00:00:00', '', 0, '0000-00-00 00:00:00', '', 'no_acc_bag', ''),
(83, '', 0, '2018-09-07 15:16:22', 9, 'y67', 260, '2018-09-07 15:20:12', '', 0, '0000-00-00 00:00:00', '', 0, '0000-00-00 00:00:00', '', 'acc_bag', ''),
(84, '0000/VVV/4', 0, '2018-09-07 15:16:36', 9, 'cdr45', 260, '2018-09-07 15:25:16', '84.BMP', 12, '2018-09-20 11:25:12', '', 0, '0000-00-00 00:00:00', '', 'verifikasi', ''),
(85, '', 0, '2018-09-07 15:16:38', 9, 'hyu76', 260, '2018-09-07 15:26:01', '', 0, '0000-00-00 00:00:00', '', 0, '0000-00-00 00:00:00', '', 'acc_bag', ''),
(86, '', 0, '2018-09-07 15:17:06', 261, 'xce', 260, '2018-09-07 15:26:46', '', 0, '0000-00-00 00:00:00', '', 0, '0000-00-00 00:00:00', '', 'acc_bag', ''),
(87, '', 0, '2018-09-07 15:27:27', 10, 'xc4', 260, '2018-09-07 15:28:00', '', 0, '0000-00-00 00:00:00', '', 0, '0000-00-00 00:00:00', '', 'acc_bag', ''),
(88, '', 0, '2018-09-07 15:27:29', 10, 'h67', 260, '2018-09-07 15:29:19', '', 0, '0000-00-00 00:00:00', '', 0, '0000-00-00 00:00:00', '', 'acc_bag', ''),
(89, '', 0, '2018-09-07 15:27:30', 10, 't55', 260, '2018-09-07 15:30:34', '', 0, '0000-00-00 00:00:00', '', 0, '0000-00-00 00:00:00', '', 'acc_bag', ''),
(90, '', 0, '2018-09-07 15:27:35', 10, 'xer', 260, '2018-09-07 15:29:33', '', 0, '0000-00-00 00:00:00', '', 0, '0000-00-00 00:00:00', '', 'acc_bag', ''),
(91, '', 0, '2018-09-07 15:27:37', 10, 'xcd43', 260, '2018-09-07 15:51:15', '', 0, '0000-00-00 00:00:00', '', 0, '0000-00-00 00:00:00', '', 'acc_bag', ''),
(92, '', 0, '2018-09-07 15:27:38', 10, '-', 260, '2018-09-07 15:51:21', '', 0, '0000-00-00 00:00:00', '', 0, '0000-00-00 00:00:00', '', 'no_acc_bag', ''),
(93, '', 0, '2018-09-07 15:52:10', 80, '', 0, '0000-00-00 00:00:00', '', 0, '0000-00-00 00:00:00', '', 0, '0000-00-00 00:00:00', '', 'input', ''),
(94, '0000/VVV/5', 0, '2018-09-15 13:25:44', 308, 'c45', 260, '2018-09-15 13:26:39', '94.BMP', 12, '2018-09-20 11:28:20', '', 0, '0000-00-00 00:00:00', '', 'verifikasi', ''),
(96, '9/PNP-HLG/IPB-IS/1/10/10/2018', 0, '2018-09-15 13:30:12', 23, 'TR43', 260, '2018-09-15 13:30:12', '', 0, '2018-10-10 17:47:24', '', 0, '0000-00-00 00:00:00', '', 'ver_perm', ''),
(97, '', 0, '2018-09-25 12:08:59', 261, '', 0, '0000-00-00 00:00:00', '', 0, '0000-00-00 00:00:00', '', 0, '0000-00-00 00:00:00', '', 'input', ''),
(98, '', 0, '2018-09-27 11:03:19', 261, '9999', 260, '2018-09-27 11:04:52', '', 0, '0000-00-00 00:00:00', '', 0, '0000-00-00 00:00:00', '', 'acc_bag', ''),
(99, '13/PNP-HLG/IPB-IS/X/2018', 4, '2018-10-05 09:50:36', 308, '4555', 260, '2018-10-05 09:52:02', '', 0, '2018-10-30 09:53:35', 'xaa5', 52, '2018-11-02 15:44:49', '', 'ver_perm', 'sesuai'),
(100, '', 0, '2018-10-08 11:49:23', 114, '', 0, '0000-00-00 00:00:00', '', 0, '0000-00-00 00:00:00', '', 0, '0000-00-00 00:00:00', 'ya', 'input', ''),
(101, '', 0, '2018-10-08 11:49:55', 110, '', 0, '0000-00-00 00:00:00', '', 0, '0000-00-00 00:00:00', '', 0, '0000-00-00 00:00:00', 'tidak', 'input', ''),
(102, '10/PNP-HLG/IPB-IS/3/11/10/2018', 0, '2018-10-09 09:47:25', 341, 'xa', 260, '2018-10-09 09:48:23', '', 0, '2018-10-11 12:00:54', '', 0, '0000-00-00 00:00:00', 'ya', 'ver_perm', ''),
(103, '3/PNP-HLG/IPB-IS/2/09/10/2018', 0, '2018-10-09 09:47:56', 261, 'aw2', 260, '2018-10-09 09:48:37', '', 0, '2018-10-09 09:50:18', '-', 52, '2018-10-12 10:56:30', 'tidak', 'ver_perm', 'tidak'),
(104, '4/PNP-HLG/IPB-IS/1/09/10/2018', 0, '2018-10-09 09:56:08', 9, 'f45', 260, '2018-10-09 09:56:26', '', 0, '2018-10-09 10:03:54', 'xa', 52, '2018-10-30 09:10:37', 'ya', 'ver_temp', 'sesuai'),
(105, '5/PNP-HLG/IPB-IS/2/09/10/2018', 0, '2018-10-09 10:06:21', 308, '5555', 260, '2018-10-09 10:07:01', '', 0, '2018-10-09 10:07:29', '', 0, '0000-00-00 00:00:00', 'ya', 'ver_perm', ''),
(106, '6/PNP-HLG/IPB-IS/2/09/10/2018', 0, '2018-10-09 10:32:24', 12, 'r43', 260, '2018-10-09 10:32:24', '', 0, '2018-10-09 10:32:53', 'f', 52, '2018-10-12 12:01:45', '', 'ver_perm', 'sesuai'),
(107, '8/PNP-HLG/IPB-IS/4/10/10/2018', 0, '2018-10-09 12:23:56', 10, 'aaa', 260, '2018-10-09 12:23:56', '', 0, '2018-10-10 17:47:14', '', 0, '0000-00-00 00:00:00', '', 'ver_temp', ''),
(108, '7/PNP-HLG/IPB-IS/3/10/10/2018', 0, '2018-10-09 12:24:35', 197, '3', 260, '2018-10-09 12:24:35', '', 0, '2018-10-10 17:47:03', '', 0, '0000-00-00 00:00:00', '', 'ver_perm', ''),
(109, '11/PNP-HLG/IPB-IS/5/X/2018', 0, '2018-10-17 12:05:20', 197, 'x55', 260, '2018-10-17 12:14:58', '', 0, '2018-10-18 10:44:20', 'xa', 52, '2018-10-30 09:11:16', 'tidak', 'ver_perm', 'sesuai'),
(110, '12/PNP-HLG/IPB-IS/3/X/2018', 0, '2018-10-26 09:39:30', 260, 'x', 260, '2018-10-26 09:39:47', '', 0, '2018-10-26 09:40:10', '', 0, '0000-00-00 00:00:00', 'tidak', 'ver_perm', '');

-- --------------------------------------------------------

--
-- Table structure for table `ipb_ipb_detail`
--

CREATE TABLE IF NOT EXISTS `ipb_ipb_detail` (
  `id` int(11) NOT NULL AUTO_INCREMENT,
  `id_ipb` int(11) NOT NULL,
  `nama_barang` varchar(30) NOT NULL,
  `jumlah_barang` int(11) NOT NULL,
  `file_picture` varchar(30) NOT NULL,
  `keterangan` varchar(50) NOT NULL,
  `kembali` varchar(5) NOT NULL,
  `cek_it` varchar(7) NOT NULL,
  PRIMARY KEY (`id`)
) ENGINE=MyISAM  DEFAULT CHARSET=latin1 AUTO_INCREMENT=119 ;

--
-- Dumping data for table `ipb_ipb_detail`
--

INSERT INTO `ipb_ipb_detail` (`id`, `id_ipb`, `nama_barang`, `jumlah_barang`, `file_picture`, `keterangan`, `kembali`, `cek_it`) VALUES
(47, 50, 'Oky Jelly', 4, '', 'Confy', 'Tidak', 'Tidak'),
(46, 49, 'popoppopopo', 4, '', 'okokokok', 'Ya', 'Tidak'),
(45, 48, 'aaaaa', 45, '', 'hhh', 'Ya', 'Tidak'),
(44, 47, 'popopo', 9, '', 'tytytytytyt', 'Tidak', 'Tidak'),
(43, 47, 'gt', 7, '', 'kjkjkkjkjkj', 'Ya', 'Tidak'),
(42, 46, 'ssss', 3, '', 'aaaaa', 'Ya', 'Tidak'),
(48, 51, 'flash disk', 1, '', 'ke studio', 'Ya', 'Tidak'),
(49, 52, 'flash disk', 1, '', 'bc', 'Ya', 'Tidak'),
(50, 52, 'foto', 3, '', 'bc', 'Tidak', 'Tidak'),
(51, 53, 'xxxx', 5, '', 'uuu', 'Ya', 'Tidak'),
(52, 54, 'eeee', 5, '', 'qq', 'Ya', 'Tidak'),
(53, 55, 'ccccc', 4, '', 'aeae', 'Ya', 'Tidak'),
(54, 56, 'palu', 2, '', 'perbaikan holo 1', 'Ya', 'Tidak'),
(55, 57, 'xxxxx', 5, '', 'tr', 'Ya', 'Tidak'),
(56, 58, 'xxxx', 5, '', 'yy', 'Tidak', 'Tidak'),
(57, 59, 'eeee', 8, '', 'oo', 'Ya', 'Tidak'),
(58, 60, 'oxoxoxox', 3, '', 'wes wes wes', 'Ya', 'Tidak'),
(59, 61, 'wewewe', 4, '', 'zzzz', 'Ya', 'Tidak'),
(60, 62, 'tututututu', 8, '', 'ioioioio', 'Tidak', 'Tidak'),
(61, 63, 'xce', 3, '', 'qqqqq', 'Tidak', 'Tidak'),
(62, 64, 'rererere', 8, '', 'wewewewewewe', 'Ya', 'Tidak'),
(63, 65, 'ewewqqq', 4, '', 'popop', 'Ya', 'Tidak'),
(64, 66, 'xaaaxaxaxa', 3, '', 'qaqaqa', 'Ya', 'Selesai'),
(65, 67, 'uuuuuu', 7, '', 'rtrtrtrt', 'Tidak', 'Tidak'),
(66, 68, 'xexexe', 4, '', 'aqaqaq', 'Ya', 'Selesai'),
(67, 68, 'plpp', 9, '', 'juju', 'Tidak', 'Selesai'),
(68, 69, 'xxaxaxa', 3, '', 'erer', 'Tidak', 'Ya'),
(69, 69, 'tututu', 8, '', 'rtrtrt', 'Tidak', 'Selesai'),
(70, 69, 'ngfnfg', 4, '', 'bcbcbcbcb', 'Tidak', 'Ya'),
(71, 70, 'xexexe', 5, '', 'thth', 'Tidak', 'Ya'),
(72, 70, 'yuyuyuyu', 7, '', 'op9', 'Tidak', 'Tidak'),
(73, 70, 'pupuuppu', 9, '', 'hytr', 'Ya', 'Ya'),
(74, 71, 'xewr', 4, '', 'yuyu', 'Sudah', 'Ya'),
(75, 71, 'tutiti', 2, '', 'wqwq', 'Ya', 'Tidak'),
(76, 72, 'xcre32', 4, '', 'qq', 'Tidak', 'Tidak'),
(77, 73, 'flash disk', 2, '', 'di bawa ke bc', 'Ya', 'Ya'),
(78, 74, 'flash disk', 2, '', 'ke bc', 'Ya', 'Ya'),
(79, 75, 'kertasa', 4, '', '5', 'Ya', 'Ya'),
(80, 76, 'qqqq', 2, '', 'aaaa', 'Ya', 'Ya'),
(81, 77, 'yuyu', 4, '', 'esteh', 'Ya', 'Ya'),
(82, 78, 'yuyu', 4, '', 'esteh', 'Ya', 'Ya'),
(83, 79, 'yuyu', 4, '', 'esteh', 'Ya', 'Ya'),
(84, 80, 'yuyu', 4, '', 'esteh', 'Ya', 'Ya'),
(85, 81, 'yuyu', 4, '', 'esteh', 'Ya', 'Ya'),
(86, 82, 'yuyu', 4, '', 'esteh', 'Ya', 'Ya'),
(87, 83, 'yuyu', 4, '', 'esteh', 'Ya', 'Ya'),
(88, 84, 'yuyu', 4, '', 'esteh', 'Ya', 'Selesai'),
(89, 85, 'yuyu', 4, '', 'esteh', 'Ya', 'Ya'),
(90, 86, 'sese', 3, '', 'qw', 'Ya', 'Ya'),
(91, 87, 'xw3', 2, '', '3', 'Ya', 'Ya'),
(92, 88, 'xw3', 2, '', '3', 'Ya', 'Ya'),
(93, 89, 'xw3', 2, '', '3', 'Ya', 'Ya'),
(94, 90, 'xw3', 2, '', '3', 'Ya', 'Ya'),
(95, 91, 'xw3', 2, '', '3', 'Ya', 'Ya'),
(96, 92, 'xw3', 2, '', '3', 'Ya', 'Ya'),
(97, 93, 'xce', 3, '', 'rerer', 'Ya', 'Tidak'),
(98, 94, 'flash disk', 1, '', 'ke BC', 'Tidak', 'Selesai'),
(99, 95, 'buku', 2, '', '5', 'Tidak', 'Tidak'),
(100, 96, 'Senter', 2, '', 'Confy', 'Tidak', 'Selesai'),
(101, 97, 'aaa', 0, '', 'aa', 'Ya', 'Tidak'),
(102, 98, 'flash disk ', 1, '', 'cetak foto', 'Ya', 'Selesai'),
(103, 98, 'kabel', 10, '', 'tanjung', 'Tidak', 'Selesai'),
(104, 99, 'fd toshiba', 1, '', 'xxxxx', 'Tidak', 'Selesai'),
(105, 99, 'fd sandisk', 1, '', 'xxrrr', 'Tidak', 'Selesai'),
(106, 100, 'xxx', 0, '', 'fhgf', 'Tidak', 'Tidak'),
(107, 101, 'nhng', 0, '', 'nghn', 'Tidak', 'Tidak'),
(108, 102, 'tang', 1, '', 'aaaaa', 'Tidak', 'Tidak'),
(109, 103, 'laptop', 1, '', 'wwwwww', 'Tidak', 'Tidak'),
(110, 104, 'sandal', 2, '', 'aass', 'Tidak', 'Tidak'),
(111, 105, 'charger', 1, '', 'asasdadasd', 'Tidak', 'Tidak'),
(112, 106, 'xaxa', 2, '', 'aaaaaa', 'Tidak', 'Tidak'),
(113, 107, 'xxxxxxxxxxx', 5, '', 'xxxxxxxxxx', 'Tidak', 'Tidak'),
(114, 108, 'aaaaaaaaaaa', 3, '', 'aaaaaaaaaaaaa', 'Tidak', 'Tidak'),
(115, 108, 'bbbbbbbbbbb', 3, '', 'bbbbbbbbbbb', 'Tidak', 'Tidak'),
(116, 108, 'ccccccccccc', 3, '', 'cccccccccccc', 'Tidak', 'Tidak'),
(117, 109, 'flash disk', 1, '', 'untuk ke BC', 'Ya', 'Selesai'),
(118, 110, 'aaaa', 4, '', 'xxxx', 'Tidak', 'Tidak');

-- --------------------------------------------------------

--
-- Table structure for table `ipb_ipb_kembali`
--

CREATE TABLE IF NOT EXISTS `ipb_ipb_kembali` (
  `id` int(11) NOT NULL AUTO_INCREMENT,
  `id_ipb_detail` int(11) NOT NULL,
  `tgl` datetime NOT NULL,
  `keterangan` varchar(100) NOT NULL,
  `id_login` int(11) NOT NULL,
  PRIMARY KEY (`id`)
) ENGINE=MyISAM  DEFAULT CHARSET=latin1 AUTO_INCREMENT=9 ;

--
-- Dumping data for table `ipb_ipb_kembali`
--

INSERT INTO `ipb_ipb_kembali` (`id`, `id_ipb_detail`, `tgl`, `keterangan`, `id_login`) VALUES
(8, 74, '2018-10-30 09:08:45', '', 52);

-- --------------------------------------------------------

--
-- Table structure for table `ipb_ipb_kembali_detail`
--

CREATE TABLE IF NOT EXISTS `ipb_ipb_kembali_detail` (
  `id` int(11) NOT NULL AUTO_INCREMENT,
  `id_ipb_kembali` int(11) NOT NULL,
  `nama_barang` varchar(30) NOT NULL,
  `jumlah_barang` int(11) NOT NULL,
  PRIMARY KEY (`id`)
) ENGINE=MyISAM DEFAULT CHARSET=latin1 AUTO_INCREMENT=1 ;

--
-- Dumping data for table `ipb_ipb_kembali_detail`
--


-- --------------------------------------------------------

--
-- Table structure for table `ipb_nomor`
--

CREATE TABLE IF NOT EXISTS `ipb_nomor` (
  `id` int(11) NOT NULL AUTO_INCREMENT,
  `id_bagian` int(11) NOT NULL,
  `nomor` int(11) NOT NULL,
  PRIMARY KEY (`id`)
) ENGINE=MyISAM  DEFAULT CHARSET=latin1 AUTO_INCREMENT=66 ;

--
-- Dumping data for table `ipb_nomor`
--

INSERT INTO `ipb_nomor` (`id`, `id_bagian`, `nomor`) VALUES
(1, 1, 0),
(2, 2, 0),
(3, 3, 0),
(4, 4, 0),
(5, 5, 0),
(6, 6, 0),
(7, 7, 0),
(8, 8, 0),
(9, 9, 0),
(10, 10, 0),
(11, 11, 0),
(12, 12, 0),
(13, 13, 0),
(14, 14, 0),
(15, 15, 0),
(16, 16, 0),
(17, 17, 0),
(18, 18, 0),
(19, 19, 0),
(20, 20, 0),
(21, 21, 0),
(22, 22, 0),
(23, 23, 0),
(24, 24, 1),
(25, 25, 0),
(26, 26, 0),
(27, 27, 0),
(28, 28, 0),
(29, 29, 0),
(30, 30, 0),
(31, 31, 0),
(32, 32, 0),
(33, 33, 0),
(34, 34, 0),
(35, 35, 0),
(36, 36, 0),
(37, 37, 0),
(38, 38, 0),
(39, 39, 0),
(40, 40, 0),
(41, 41, 0),
(42, 42, 0),
(43, 43, 0),
(44, 44, 0),
(45, 45, 5),
(46, 46, 0),
(47, 47, 0),
(48, 48, 0),
(49, 49, 0),
(50, 50, 4),
(51, 51, 0),
(52, 52, 0),
(53, 53, 0),
(54, 54, 0),
(55, 55, 0),
(56, 56, 0),
(57, 57, 0),
(58, 58, 0),
(59, 59, 0),
(60, 60, 0),
(61, 61, 0),
(62, 62, 0),
(63, 63, 0),
(64, 999, 13),
(65, 888, 3);

-- --------------------------------------------------------

--
-- Table structure for table `ipb_user`
--

CREATE TABLE IF NOT EXISTS `ipb_user` (
  `id` int(11) NOT NULL AUTO_INCREMENT,
  `username` varchar(25) NOT NULL,
  `password` varchar(255) NOT NULL,
  `id_karyawan` int(11) NOT NULL,
  PRIMARY KEY (`id`)
) ENGINE=MyISAM  DEFAULT CHARSET=latin1 AUTO_INCREMENT=20 ;

--
-- Dumping data for table `ipb_user`
--

INSERT INTO `ipb_user` (`id`, `username`, `password`, `id_karyawan`) VALUES
(1, 'it', '0d149b90e7394297301c90191ae775f0', 260),
(2, 'is', 'a2a551a6458a8de22446cc76d639a9e9', 21),
(14, 'DANUNG TRI YUDA K', '3f1b5fffbae540b2fe31a87ddd484d83', 269),
(13, 'CLAMET AZAGAF', '3f1b5fffbae540b2fe31a87ddd484d83', 64),
(12, 'Heri', 'af25458116a2464f9401870dff1e11f5', 202),
(11, 'ERWIN HERMAWAN', '3f1b5fffbae540b2fe31a87ddd484d83', 321),
(15, 'YAHYA INDARTO', '3f1b5fffbae540b2fe31a87ddd484d83', 29),
(16, 'JOHN SAPPA PATIBANG', '3f1b5fffbae540b2fe31a87ddd484d83', 126),
(17, 'admin', '21232f297a57a5a743894a0e4a801fc3', 350),
(18, 'PETRUS HENRI NUR \nTRISNAP', '3f1b5fffbae540b2fe31a87ddd484d83', 259),
(19, 'satpam', '844fd3c289085bda3a1455c29aac8d92', 52);

-- --------------------------------------------------------

--
-- Table structure for table `ipb_ver_dept`
--

CREATE TABLE IF NOT EXISTS `ipb_ver_dept` (
  `id` int(11) NOT NULL AUTO_INCREMENT,
  `id_bagian` int(11) NOT NULL,
  `id_karyawan` int(11) NOT NULL,
  PRIMARY KEY (`id`)
) ENGINE=MyISAM  DEFAULT CHARSET=latin1 AUTO_INCREMENT=208 ;

--
-- Dumping data for table `ipb_ver_dept`
--

INSERT INTO `ipb_ver_dept` (`id`, `id_bagian`, `id_karyawan`) VALUES
(207, 37, 321),
(206, 37, 259),
(204, 54, 126),
(205, 16, 126),
(202, 53, 126),
(201, 19, 202),
(200, 53, 29),
(198, 6, 269),
(197, 6, 64),
(196, 50, 260),
(195, 49, 202),
(194, 47, 202),
(193, 47, 321),
(192, 24, 321),
(191, 24, 260),
(190, 49, 321),
(189, 49, 260),
(188, 45, 260);

-- --------------------------------------------------------

--
-- Table structure for table `ipb_ver_is`
--

CREATE TABLE IF NOT EXISTS `ipb_ver_is` (
  `id` int(11) NOT NULL AUTO_INCREMENT,
  `id_karyawan` int(11) NOT NULL,
  `kode_finger` varchar(255) NOT NULL,
  PRIMARY KEY (`id`)
) ENGINE=MyISAM DEFAULT CHARSET=latin1 AUTO_INCREMENT=1 ;

--
-- Dumping data for table `ipb_ver_is`
--


-- --------------------------------------------------------

--
-- Table structure for table `ipb_ver_security`
--

CREATE TABLE IF NOT EXISTS `ipb_ver_security` (
  `id` int(11) NOT NULL AUTO_INCREMENT,
  `id_karyawan` int(11) NOT NULL,
  PRIMARY KEY (`id`)
) ENGINE=MyISAM DEFAULT CHARSET=latin1 AUTO_INCREMENT=1 ;

--
-- Dumping data for table `ipb_ver_security`
--


-- --------------------------------------------------------

--
-- Table structure for table `jabatan`
--

CREATE TABLE IF NOT EXISTS `jabatan` (
  `Kd_Jabatan` varchar(20) NOT NULL,
  `Nm_Jabatan` varchar(100) DEFAULT NULL,
  `Keterangan` varchar(100) DEFAULT NULL,
  `CreatedBy` varchar(100) DEFAULT NULL,
  `CreatedDate` date DEFAULT NULL,
  `UpdatedBy` varchar(100) DEFAULT NULL,
  `UpdatedDate` date DEFAULT NULL,
  `level_jabatan` enum('1','2','3','4','5','6','7','8','9','10') DEFAULT NULL,
  `id_jabatan` int(11) NOT NULL AUTO_INCREMENT,
  PRIMARY KEY (`id_jabatan`)
) ENGINE=MyISAM  DEFAULT CHARSET=latin1 AUTO_INCREMENT=11 ;

--
-- Dumping data for table `jabatan`
--

INSERT INTO `jabatan` (`Kd_Jabatan`, `Nm_Jabatan`, `Keterangan`, `CreatedBy`, `CreatedDate`, `UpdatedBy`, `UpdatedDate`, `level_jabatan`, `id_jabatan`) VALUES
('JBT001', 'WAKIL PLANT MANAGER', NULL, '1', NULL, NULL, NULL, '1', 1),
('JBT002', 'MANAGER', NULL, '1', NULL, NULL, NULL, '2', 2),
('JBT003', 'KABAG', NULL, '1', NULL, NULL, NULL, '3', 3),
('JBT004', 'WAKABAG', NULL, '1', NULL, NULL, NULL, '4', 4),
('JBT005', 'INSPECTOR', NULL, '1', NULL, NULL, NULL, '5', 5),
('JBT006', 'KABID', NULL, '1', NULL, NULL, NULL, '6', 6),
('JBT007', 'WAKABID', NULL, '1', NULL, NULL, NULL, '7', 7),
('JBT008', 'PENGAWAS', NULL, '1', NULL, NULL, NULL, '8', 8),
('JBT009', 'OPERATOR', NULL, '1', NULL, NULL, NULL, '9', 9),
('JBT010', 'STAFF', NULL, '1', NULL, NULL, NULL, '10', 10);

-- --------------------------------------------------------

--
-- Table structure for table `karyawan`
--

CREATE TABLE IF NOT EXISTS `karyawan` (
  `id` int(11) NOT NULL AUTO_INCREMENT,
  `NIK` varchar(20) NOT NULL,
  `NoOS` varchar(20) DEFAULT NULL,
  `NoKTP` varchar(20) DEFAULT NULL,
  `Nm_Karyawan` varchar(100) DEFAULT NULL,
  `Sex` int(11) DEFAULT NULL,
  `TmpLahir` varchar(20) DEFAULT NULL,
  `TglLahir` datetime DEFAULT NULL,
  `GolDarah` varchar(10) DEFAULT NULL,
  `Kd_Marital` varchar(20) DEFAULT NULL,
  `JmlAnak` decimal(5,0) DEFAULT NULL,
  `Agama` varchar(20) DEFAULT NULL,
  `Kd_Pendidikan` varchar(20) DEFAULT NULL,
  `Jurusan` varchar(50) DEFAULT NULL,
  `NPWP` varchar(100) DEFAULT NULL,
  `Alamat` varchar(100) DEFAULT NULL,
  `Kota` varchar(100) DEFAULT NULL,
  `NoTelp` varchar(50) DEFAULT NULL,
  `NoHP` varchar(50) DEFAULT NULL,
  `Email` varchar(50) DEFAULT NULL,
  `id_jabatan` varchar(20) DEFAULT NULL,
  `id_bagian` varchar(20) DEFAULT NULL,
  `Kd_Status` varchar(20) DEFAULT NULL,
  `TglMasuk` datetime DEFAULT NULL,
  `TglKeluar` datetime DEFAULT NULL,
  `Picture` varchar(255) DEFAULT NULL,
  `IsActive` decimal(1,0) DEFAULT NULL,
  `create_by` varchar(100) DEFAULT NULL,
  `create_date` varchar(100) DEFAULT NULL,
  `update_by` varchar(100) DEFAULT NULL,
  `update_date` date DEFAULT NULL,
  `Keterangan` varchar(100) DEFAULT NULL,
  `TglPenetapan` datetime DEFAULT NULL,
  PRIMARY KEY (`id`)
) ENGINE=MyISAM  DEFAULT CHARSET=latin1 AUTO_INCREMENT=351 ;

--
-- Dumping data for table `karyawan`
--

INSERT INTO `karyawan` (`id`, `NIK`, `NoOS`, `NoKTP`, `Nm_Karyawan`, `Sex`, `TmpLahir`, `TglLahir`, `GolDarah`, `Kd_Marital`, `JmlAnak`, `Agama`, `Kd_Pendidikan`, `Jurusan`, `NPWP`, `Alamat`, `Kota`, `NoTelp`, `NoHP`, `Email`, `id_jabatan`, `id_bagian`, `Kd_Status`, `TglMasuk`, `TglKeluar`, `Picture`, `IsActive`, `create_by`, `create_date`, `update_by`, `update_date`, `Keterangan`, `TglPenetapan`) VALUES
(1, '07854', NULL, '3319054101700005', 'SHOFIAH', 0, 'KUDUS', NULL, '0', NULL, '0', '0', NULL, NULL, NULL, '-', 'KUDUS', NULL, NULL, NULL, '10', '44', 'BL', NULL, NULL, NULL, '1', '1', NULL, '1', NULL, NULL, NULL),
(2, '08213', NULL, '3319055502670001', 'SUGIANAH', 0, 'KUDUS', NULL, '0', NULL, '0', '0', NULL, NULL, NULL, 'DK KARANG MALANG', 'KUDUS', NULL, NULL, NULL, '10', '44', 'BL', NULL, NULL, NULL, '1', '1', NULL, '1', NULL, NULL, NULL),
(3, '09421', NULL, '3319034101680007', 'SULAMI', 0, 'KUDUS', NULL, '0', NULL, '0', '0', NULL, NULL, NULL, 'R AGIL KUSUMADYA', 'KUDUS', NULL, NULL, NULL, '10', '44', 'BL', NULL, NULL, NULL, '1', '1', NULL, '1', NULL, NULL, NULL),
(4, '19106', NULL, NULL, 'SUMINI', 0, NULL, NULL, '0', NULL, '0', '0', NULL, NULL, NULL, NULL, NULL, NULL, NULL, NULL, '10', '44', 'KT', NULL, NULL, NULL, '1', '1', NULL, '1', NULL, NULL, NULL),
(5, '09108', NULL, '3319034209690001', 'TRI RIYANTI', 0, 'KUDUS', NULL, '0', NULL, '0', '0', NULL, NULL, NULL, '-', 'KUDUS', NULL, NULL, NULL, '10', '44', 'BL', NULL, NULL, NULL, '1', '1', NULL, '1', NULL, NULL, NULL),
(6, '09688', NULL, NULL, 'TRI YULIATI', 0, NULL, NULL, '0', NULL, '0', '0', NULL, NULL, NULL, NULL, NULL, NULL, NULL, NULL, '10', '44', 'KT', NULL, NULL, NULL, '1', '1', NULL, '1', NULL, NULL, NULL),
(7, '09418', NULL, NULL, 'ZUBAEDAH', 0, NULL, NULL, '0', NULL, '0', '0', NULL, NULL, NULL, NULL, NULL, NULL, NULL, NULL, '10', '44', 'KT', NULL, NULL, NULL, '1', '1', NULL, '1', NULL, NULL, NULL),
(8, '09972', NULL, NULL, 'ZUNI SISWATI', 1, NULL, NULL, '0', NULL, '0', '0', NULL, NULL, NULL, NULL, NULL, NULL, NULL, NULL, '10', '4', 'OS', NULL, NULL, NULL, '1', '1', NULL, '1', NULL, NULL, NULL),
(9, '08214', NULL, '3319021609730002', 'HARIYANTO', 0, 'KUDUS', NULL, '0', NULL, '0', '0', NULL, NULL, NULL, '-', 'KUDUS', NULL, NULL, NULL, '10', '45', 'BL', NULL, NULL, NULL, '1', '1', NULL, '1', NULL, NULL, NULL),
(10, '02988', NULL, '3319031505690002', 'KUSNAN', 0, 'KUDUS', NULL, '0', NULL, '0', '0', NULL, NULL, NULL, '-', 'KUDUS', NULL, NULL, NULL, '10', '45', 'BL', NULL, NULL, NULL, '1', '1', NULL, '1', NULL, NULL, NULL),
(11, '06801', NULL, '3319060412730001', 'NASIKIN', 0, 'KUDUS', NULL, '0', NULL, '0', '0', NULL, NULL, NULL, '-', 'KUDUS', NULL, NULL, NULL, '10', '45', 'BL', NULL, NULL, NULL, '1', '1', NULL, '1', NULL, NULL, NULL),
(12, '03869', NULL, '3319032505680006', 'SUKARDI', 0, 'KUDUS', NULL, '0', NULL, '0', '0', NULL, NULL, NULL, '-', 'KUDUS', NULL, NULL, NULL, '10', '45', 'BL', NULL, NULL, NULL, '1', '1', NULL, '1', NULL, NULL, NULL),
(13, '00350', NULL, '3319050509630001', 'MASRIKAN', 0, 'KUDUS', NULL, '0', NULL, '0', '0', NULL, NULL, NULL, 'MEJOBO', 'KUDUS', NULL, NULL, NULL, '10', '46', 'BL', NULL, NULL, NULL, '1', '1', NULL, '1', NULL, NULL, NULL),
(14, '06170', NULL, '3319022211670002', 'JUMADI MASRIPAN', 0, 'DEMAK', NULL, '0', NULL, '0', '0', NULL, NULL, NULL, 'KYAI TELINGSING', 'KUDUS', NULL, NULL, NULL, '10', '46', 'BL', NULL, NULL, NULL, '1', '1', NULL, '1', NULL, NULL, NULL),
(15, '00308', NULL, '3319031108650002', 'MASUDI', 0, 'KUDUS', NULL, '0', NULL, '0', '0', NULL, NULL, NULL, 'AKBP R AGIL KUSUMADYA', 'KUDUS', NULL, NULL, NULL, '10', '46', 'BL', NULL, NULL, NULL, '1', '1', NULL, '1', NULL, NULL, NULL),
(16, '02355', NULL, NULL, 'NOOR SALIM', 0, NULL, NULL, '0', NULL, '0', '0', NULL, NULL, NULL, NULL, NULL, NULL, NULL, NULL, '10', '46', 'BL', NULL, NULL, NULL, '1', '1', NULL, '1', NULL, NULL, NULL),
(17, '00378', NULL, NULL, 'ROMY SUYANTO', 0, NULL, NULL, '0', NULL, '0', '0', NULL, NULL, NULL, NULL, NULL, NULL, NULL, NULL, '10', '46', 'BL', NULL, NULL, NULL, '1', '1', NULL, '1', NULL, NULL, NULL),
(18, '08006', NULL, '3319010302720006', 'MOH MAHMUDI', 0, 'KUDUS', NULL, '0', NULL, '0', '0', NULL, NULL, NULL, '-', 'KUDUS', NULL, NULL, NULL, '10', '48', 'BL', NULL, NULL, NULL, '1', '1', NULL, '1', NULL, NULL, NULL),
(19, '08000', NULL, '3319031810690001', 'RIBADI', 0, 'KUDUS', NULL, '0', NULL, '0', '0', NULL, NULL, NULL, '-', 'KUDUS', NULL, NULL, NULL, '10', '48', 'BL', NULL, NULL, NULL, '1', '1', NULL, '1', NULL, NULL, NULL),
(20, '05343', NULL, '3319032105630002', 'WALUYO', 0, 'KUDUS', NULL, '0', NULL, '0', '0', NULL, NULL, NULL, 'GAWE 02', 'KUDUS', NULL, NULL, NULL, '6', '48', 'BL', NULL, NULL, NULL, '1', '1', NULL, '1', NULL, NULL, NULL),
(21, '10184', NULL, '3318101205660007', 'BAHRUDIN', 0, 'TEGAL', NULL, '0', NULL, '0', '0', NULL, NULL, NULL, 'DIPONEGORO', 'PATI', NULL, NULL, NULL, '6', '24', 'BL', NULL, NULL, NULL, '1', '1', NULL, '1', NULL, NULL, NULL),
(22, '03722', NULL, NULL, 'HADI SURAHMAT', 0, NULL, NULL, '0', NULL, '0', '0', NULL, NULL, NULL, NULL, NULL, NULL, NULL, NULL, '10', '49', 'BL', NULL, NULL, NULL, '1', '1', NULL, '1', NULL, NULL, NULL),
(23, '09976', NULL, '3319036909770002', 'NURUL HIKMAH', 0, 'KUDUS', NULL, '0', NULL, '0', '0', NULL, NULL, NULL, '-', 'KUDUS', NULL, NULL, NULL, '10', '24', 'BL', NULL, NULL, NULL, '1', '1', NULL, '1', NULL, NULL, NULL),
(24, '10185', NULL, '3318103010760009', 'SUWANTO', 0, 'PATI', NULL, '0', NULL, '0', '0', NULL, NULL, NULL, 'PATI-TAYU KM 5', 'PATI', NULL, NULL, NULL, '10', '24', 'BL', NULL, NULL, NULL, '1', '1', NULL, '1', NULL, NULL, NULL),
(25, '08370', NULL, '3318101708760003', 'AGUNG HARDIYONO', 0, 'KUDUS', NULL, '0', NULL, '0', '0', NULL, NULL, NULL, 'KEMBANG JOYO', 'PATI', NULL, NULL, NULL, '10', '52', 'BL', NULL, NULL, NULL, '1', '1', NULL, '1', NULL, NULL, NULL),
(26, '04274', NULL, '3319065104680002', 'MAHMUDAH', 0, 'JEPARA', NULL, '0', NULL, '0', '0', NULL, NULL, NULL, 'KLALING', 'KUDUS', NULL, NULL, NULL, '10', '53', 'BL', NULL, NULL, NULL, '1', '1', NULL, '1', NULL, NULL, NULL),
(27, '04748', NULL, '3319033004680005', 'NOORKHAN', 0, 'KUDUS', NULL, '0', NULL, '0', '0', NULL, NULL, NULL, 'PAKIS AIR PERUM JEPANG \nPAKIS', 'KUDUS', NULL, NULL, NULL, '10', '46', 'BL', NULL, NULL, NULL, '1', '1', NULL, '1', NULL, NULL, NULL),
(28, '08430', NULL, NULL, 'ROERI ARFIYANTO', 0, NULL, NULL, '0', NULL, '0', '0', NULL, NULL, NULL, NULL, NULL, NULL, NULL, NULL, '10', '54', 'BL', NULL, NULL, NULL, '1', '1', NULL, '1', NULL, NULL, NULL),
(29, '10399', NULL, '3516012207760001', 'YAHYA INDARTO', 0, 'MOJOKERTO', NULL, '0', NULL, '0', '0', NULL, NULL, NULL, 'PERUMAHNAN TANJUNG JATI \nPERMAI NO.301', 'KUDUS', NULL, NULL, NULL, '3', '54', 'BL', NULL, NULL, NULL, '1', '1', NULL, '1', NULL, NULL, NULL),
(30, '09314', NULL, '3318106212750003', 'ISTIQOMAH', 0, 'KUDUS', NULL, '0', NULL, '0', '0', NULL, NULL, NULL, 'KEMBANG JOYO', 'PATI', NULL, NULL, NULL, '10', '17', 'BL', NULL, NULL, NULL, '1', '1', NULL, '1', NULL, NULL, NULL),
(31, '05467', NULL, '3319021112680002', 'DWI CHRISTIAN ENDARI', 0, 'REMBANG', NULL, '0', NULL, '0', '0', NULL, NULL, NULL, 'VETERAN', 'KUDUS', NULL, NULL, NULL, '10', '60', 'BL', NULL, NULL, NULL, '1', '1', NULL, '1', NULL, NULL, NULL),
(32, '08215', NULL, '3319031408750005', 'ROSYID MAULANA', 0, 'KUDUS', NULL, '0', NULL, '0', '0', NULL, NULL, NULL, '-', 'KUDUS', NULL, NULL, NULL, '10', '33', 'BL', NULL, NULL, NULL, '1', '1', NULL, '1', NULL, NULL, NULL),
(33, '09977', NULL, '3319034507800010', 'RULI HERMAWATI', 0, 'KUDUS', NULL, '0', NULL, '0', '0', NULL, NULL, NULL, '-', 'KUDUS', NULL, NULL, NULL, '10', '55', 'BL', NULL, NULL, NULL, '1', '1', NULL, '1', NULL, NULL, NULL),
(34, '07774', NULL, '3319061409750002', 'ALI NAFI', 0, 'KUDUS', NULL, '0', NULL, '0', '0', NULL, NULL, NULL, 'JEPANG WETAN', 'KUDUS', NULL, NULL, NULL, '6', '56', 'BL', NULL, NULL, NULL, '1', '1', NULL, '1', NULL, NULL, NULL),
(35, '04987', NULL, '3319032806680001', 'DJUNAEDI', 0, 'KUDUS', NULL, '0', NULL, '0', '0', NULL, NULL, NULL, '-', 'KUDUS', NULL, NULL, NULL, '10', '56', 'BL', NULL, NULL, NULL, '1', '1', NULL, '1', NULL, NULL, NULL),
(36, '08222', NULL, '3319020601750001', 'DWI ANA BUDI P', 0, 'KUDUS', NULL, '0', NULL, '0', '0', NULL, NULL, NULL, 'CITRA 157', 'KUDUS', NULL, NULL, NULL, '10', '56', 'BL', NULL, NULL, NULL, '1', '1', NULL, '1', NULL, NULL, NULL),
(37, '08007', NULL, '3319024206700003', 'GANDES SRI RAHAYU', 0, 'KLATEN', NULL, '0', NULL, '0', '0', NULL, NULL, NULL, '-', 'KUDUS', NULL, NULL, NULL, '10', '56', 'BL', NULL, NULL, NULL, '1', '1', NULL, '1', NULL, NULL, NULL),
(38, '02479', NULL, '3319031810600002', 'KUSTOMO', 0, 'KUDUS', NULL, '0', NULL, '0', '0', NULL, NULL, NULL, 'DS PASURUAN LOR', 'KUDUS', NULL, NULL, NULL, '5', '60', 'BL', NULL, NULL, NULL, '1', '1', NULL, '1', NULL, NULL, NULL),
(39, '09420', NULL, '3319035403750001', 'PRASTYANING SUCI', 0, 'KUDUS', NULL, '0', NULL, '0', '0', NULL, NULL, NULL, 'TAMBAK LULANG', 'KUDUS', NULL, NULL, NULL, '10', '56', 'BL', NULL, NULL, NULL, '1', '1', NULL, '1', NULL, NULL, NULL),
(40, '09980', NULL, '3319016404720005', 'RITA PURWATI', 0, 'KUDUS', NULL, '0', NULL, '0', '0', NULL, NULL, NULL, 'KUDUS-JEPARA PERUM MURIA \nASRI', 'KUDUS', NULL, NULL, NULL, '10', '58', 'BL', NULL, NULL, NULL, '1', '1', NULL, '1', NULL, NULL, NULL),
(41, '09869', NULL, '3319075304720001', 'SITI ZURIYAH', 0, 'KUDUS', NULL, '0', NULL, '0', '0', NULL, NULL, NULL, 'H. MASCHURI', 'KUDUS', NULL, NULL, NULL, '10', '56', 'BL', NULL, NULL, NULL, '1', '1', NULL, '1', NULL, NULL, NULL),
(42, '08381', NULL, '3319074411730002', 'SUGIARTI', 0, 'PATI', NULL, '0', NULL, '0', '0', NULL, NULL, NULL, 'KARANG BENER', 'KUDUS', NULL, NULL, NULL, '10', '56', 'BL', NULL, NULL, NULL, '1', '1', NULL, '1', NULL, NULL, NULL),
(43, '09280', NULL, '3318105502690009', 'SUPRIHATIN', 0, 'KUDUS', NULL, '0', NULL, '0', '0', NULL, NULL, NULL, '-', 'PATI', NULL, NULL, NULL, '10', '56', 'BL', NULL, NULL, NULL, '1', '1', NULL, '1', NULL, NULL, NULL),
(44, '05032', NULL, '3319061703690004', 'WARSITO ', 0, 'PATI', NULL, '0', NULL, '0', '0', NULL, NULL, NULL, 'SEWO NEGORO DK KAUMAN', 'KUDUS', NULL, NULL, NULL, '10', '56', 'BL', NULL, NULL, NULL, '1', '1', NULL, '1', NULL, NULL, NULL),
(45, '09720', NULL, NULL, 'EDY SUYANTO', 0, NULL, NULL, '0', NULL, '0', '0', NULL, NULL, NULL, NULL, NULL, NULL, NULL, NULL, '10', '37', 'BL', NULL, NULL, NULL, '1', '1', NULL, '1', NULL, NULL, NULL),
(46, '09727', NULL, NULL, 'JIMI', 0, NULL, NULL, '0', NULL, '0', '0', NULL, NULL, NULL, NULL, NULL, NULL, NULL, NULL, '10', '15', 'BL', NULL, NULL, NULL, '1', '1', NULL, '1', NULL, NULL, NULL),
(47, '19944', NULL, NULL, 'KAMIDAH', 0, NULL, NULL, '0', NULL, '0', '0', NULL, NULL, NULL, NULL, NULL, NULL, NULL, NULL, '10', '15', 'BL', NULL, NULL, NULL, '1', '1', NULL, '1', NULL, NULL, NULL),
(48, '05702', NULL, NULL, 'SAIDUN', 0, NULL, NULL, '0', NULL, '0', '0', NULL, NULL, NULL, NULL, NULL, NULL, NULL, NULL, '10', '37', 'BL', NULL, NULL, NULL, '1', '1', NULL, '1', NULL, NULL, NULL),
(49, '04914', NULL, NULL, 'SARDJONO', 0, NULL, NULL, '0', NULL, '0', '0', NULL, NULL, NULL, NULL, NULL, NULL, NULL, NULL, '10', '37', 'BL', NULL, NULL, NULL, '1', '1', NULL, '1', NULL, NULL, NULL),
(50, '08518', NULL, NULL, 'SRI SUNARSIH', 0, NULL, NULL, '0', NULL, '0', '0', NULL, NULL, NULL, NULL, NULL, NULL, NULL, NULL, '10', '15', 'BL', NULL, NULL, NULL, '1', '1', NULL, '1', NULL, NULL, NULL),
(51, '09726', NULL, NULL, 'SUDIYONO.B', 0, NULL, NULL, '0', NULL, '0', '0', NULL, NULL, NULL, NULL, NULL, NULL, NULL, NULL, '10', '22', 'BL', NULL, NULL, NULL, '1', '1', NULL, '1', NULL, NULL, NULL),
(52, '07657', NULL, NULL, 'SUHANTO', 0, NULL, NULL, '0', NULL, '0', '0', NULL, NULL, NULL, NULL, NULL, NULL, NULL, NULL, '10', '37', 'BL', NULL, NULL, NULL, '1', '1', NULL, '1', NULL, NULL, NULL),
(53, '07181', NULL, NULL, 'SUJONO', 0, NULL, NULL, '0', NULL, '0', '0', NULL, NULL, NULL, NULL, NULL, NULL, NULL, NULL, '10', '37', 'BL', NULL, NULL, NULL, '1', '1', NULL, '1', NULL, NULL, NULL),
(54, '00143', NULL, NULL, 'SUMANTO', 0, NULL, NULL, '0', NULL, '0', '0', NULL, NULL, NULL, NULL, NULL, NULL, NULL, NULL, '10', '15', 'BL', NULL, NULL, NULL, '1', '1', NULL, '1', NULL, NULL, NULL),
(55, '07889', NULL, NULL, 'SUMARDI (B)', 0, NULL, NULL, '0', NULL, '0', '0', NULL, NULL, NULL, NULL, NULL, NULL, NULL, NULL, '10', '15', 'BL', NULL, NULL, NULL, '1', '1', NULL, '1', NULL, NULL, NULL),
(56, '09952', NULL, NULL, 'SUNOTO', 0, NULL, NULL, '0', NULL, '0', '0', NULL, NULL, NULL, NULL, NULL, NULL, NULL, NULL, '10', '15', 'BL', NULL, NULL, NULL, '1', '1', NULL, '1', NULL, NULL, NULL),
(57, '08044', NULL, NULL, 'T. SUPRIHATIN', 0, NULL, NULL, '0', NULL, '0', '0', NULL, NULL, NULL, NULL, NULL, NULL, NULL, NULL, '10', '15', 'BL', NULL, NULL, NULL, '1', '1', NULL, '1', NULL, NULL, NULL),
(58, '07780', NULL, NULL, 'TUGIRAN', 0, NULL, NULL, '0', NULL, '0', '0', NULL, NULL, NULL, NULL, NULL, NULL, NULL, NULL, '10', '37', 'BL', NULL, NULL, NULL, '1', '1', NULL, '1', NULL, NULL, NULL),
(59, '10028', NULL, NULL, 'ZULIANA VERA VITA', 0, NULL, NULL, '0', NULL, '0', '0', NULL, NULL, NULL, NULL, NULL, NULL, NULL, NULL, '10', '15', 'BL', NULL, NULL, NULL, '1', '1', NULL, '1', NULL, NULL, NULL),
(60, '08448', NULL, '3319011202710008', 'CHAMIM', 0, 'KUDUS', NULL, '0', NULL, '0', '0', NULL, NULL, NULL, '-', 'KUDUS', NULL, NULL, NULL, '10', '57', 'BL', NULL, NULL, NULL, '1', '1', NULL, '1', NULL, NULL, NULL),
(61, '08441', NULL, '3319061603730002', 'KARTIKO AGUS R', 0, 'KUDUS', NULL, '0', NULL, '0', '1', NULL, NULL, NULL, '-', 'KUDUS', NULL, NULL, NULL, '10', '57', 'BL', NULL, NULL, NULL, '1', '1', NULL, '1', NULL, NULL, NULL),
(62, '09315', NULL, '3319020208830003', 'AGUS SISWANTO', 0, 'KUDUS', NULL, '0', NULL, '0', '0', NULL, NULL, NULL, '-', 'KUDUS', NULL, NULL, NULL, '10', '58', 'BL', NULL, NULL, NULL, '1', '1', NULL, '1', NULL, NULL, NULL),
(63, '08446', NULL, '3319022012710003', 'BAMBANG HERYANTO', 0, 'KUDUS', NULL, '0', NULL, '0', '0', NULL, NULL, NULL, 'SUNAN MURIA', 'KUDUS', NULL, NULL, NULL, '10', '58', 'BL', NULL, NULL, NULL, '1', '1', NULL, '1', NULL, NULL, NULL),
(64, '06874', NULL, '3319070805730002', 'CLAMET AZAGAF', 0, 'KUDUS', NULL, '0', NULL, '0', '0', NULL, NULL, NULL, 'NOLO-KALAMODDIN', 'KUDUS', NULL, NULL, NULL, '3', '55', 'BL', NULL, NULL, NULL, '1', '1', NULL, '1', NULL, NULL, NULL),
(65, '06400', NULL, '3319032808720004', 'FAUZAN', 0, 'KUDUS', NULL, '0', NULL, '0', '0', NULL, NULL, NULL, 'PURA GUEST HOUSE', 'KUDUS', NULL, NULL, NULL, '10', '58', 'BL', NULL, NULL, NULL, '1', '1', NULL, '1', NULL, NULL, NULL),
(66, '08212', NULL, '3319033011740001', 'HUMAM NUR EDY', 0, 'SLEMAN', NULL, '0', NULL, '0', '0', NULL, NULL, NULL, '-', 'KUDUS', NULL, NULL, NULL, '10', '58', 'BL', NULL, NULL, NULL, '1', '1', NULL, '1', NULL, NULL, NULL),
(67, '08219', NULL, '3319032406760002', 'IMAM SUROSO', 0, 'KUDUS', NULL, '0', NULL, '0', '0', NULL, NULL, NULL, '-', 'KUDUS', NULL, NULL, NULL, '10', '58', 'BL', NULL, NULL, NULL, '1', '1', NULL, '1', NULL, NULL, NULL),
(68, '08217', NULL, '331907220570001', 'KUSWANDI ( B )', 0, 'KUDUS', NULL, '0', NULL, '0', '0', NULL, NULL, NULL, '-', 'KUDUS', NULL, NULL, NULL, '10', '58', 'BL', NULL, NULL, NULL, '1', '1', NULL, '1', NULL, NULL, NULL),
(69, '09276', NULL, '3319032709750001', 'MUSLIKAN', 0, 'KUDUS', NULL, '0', NULL, '0', '0', NULL, NULL, NULL, 'PURA NO 411', 'KUDUS', NULL, NULL, NULL, '10', '58', 'BL', NULL, NULL, NULL, '1', '1', NULL, '1', NULL, NULL, NULL),
(70, '00361', NULL, '3321091007680004', 'PURWOTO', 0, 'DEMAK', NULL, '0', NULL, '0', '0', NULL, NULL, NULL, '-', 'DEMAK', NULL, NULL, NULL, '10', '58', 'BL', NULL, NULL, NULL, '1', '1', NULL, '1', NULL, NULL, NULL),
(71, '08374', NULL, '3319052207760004', 'SARWO EDY', 0, 'KUDUS', NULL, '0', NULL, '0', '0', NULL, NULL, NULL, 'TEMULUS MEJOBO', 'KUDUS', NULL, NULL, NULL, '10', '58', 'BL', NULL, NULL, NULL, '1', '1', NULL, '1', NULL, NULL, NULL),
(72, '05796', NULL, '3319031212690002', 'SHOLIKUL HADI', 0, 'KUDUS', NULL, '0', NULL, '0', '0', NULL, NULL, NULL, 'AKBP R AGIL KUSUMADYA', 'KUDUS', NULL, NULL, NULL, '10', '58', 'BL', NULL, NULL, NULL, '1', '1', NULL, '1', NULL, NULL, NULL),
(73, '03907', NULL, '3319031104700001', 'AGUS KRISTYANTO', 0, 'KUDUS', NULL, '0', NULL, '0', '0', NULL, NULL, NULL, '-', 'KUDUS', NULL, NULL, NULL, '10', '26', 'BL', NULL, NULL, NULL, '1', '1', NULL, '1', NULL, NULL, NULL),
(74, '07076', NULL, '3319032801730001', 'MASRIKAN', 0, 'KUDUS', NULL, '0', NULL, '0', '0', NULL, NULL, NULL, 'SUKARNO HATTA GG. II', 'KUDUS', NULL, NULL, NULL, '10', '26', 'BL', NULL, NULL, NULL, '1', '1', NULL, '1', NULL, NULL, NULL),
(75, '07072', NULL, '3319062711710002', 'SIRIN', 0, 'KUDUS', NULL, '0', NULL, '0', '0', NULL, NULL, NULL, '-', 'KUDUS', NULL, NULL, NULL, '10', '26', 'BL', NULL, NULL, NULL, '1', '1', NULL, '1', NULL, NULL, NULL),
(76, '10727', NULL, '3319052701720002', 'ARIF ROCHMANTO', 0, 'KUDUS', NULL, '0', NULL, '0', '0', NULL, NULL, NULL, 'KESAMBI', 'KUDUS', NULL, NULL, NULL, '6', '20', 'BL', NULL, NULL, NULL, '1', '1', NULL, '1', NULL, NULL, NULL),
(77, '09145', NULL, '3319032906790002', 'BROTO SANTOSO', 0, 'KUDUS', NULL, '0', NULL, '0', '0', 'SLTA', NULL, NULL, '-', 'KUDUS', NULL, NULL, NULL, '10', '2', 'BL', NULL, NULL, NULL, '1', '1', NULL, '1', NULL, NULL, NULL),
(78, '09232', NULL, '3319062005770003', 'M.SYAKURI', 0, 'KUDUS', NULL, '0', NULL, '0', '0', NULL, NULL, NULL, '-', 'KUDUS', NULL, NULL, NULL, '10', '2', 'BL', NULL, NULL, NULL, '1', '1', NULL, '1', NULL, NULL, NULL),
(79, '08346', NULL, NULL, 'MUSTARI', 0, NULL, NULL, '0', NULL, '0', '0', NULL, NULL, NULL, NULL, NULL, NULL, NULL, NULL, '10', '10', 'BL', NULL, NULL, NULL, '1', '1', NULL, '1', NULL, NULL, NULL),
(80, '06876', NULL, '3319032107710003', 'RIYONO', 0, 'KUDUS', NULL, '0', NULL, '0', '0', NULL, NULL, NULL, '-', 'KUDUS', NULL, NULL, NULL, '6', '2', 'BL', NULL, NULL, NULL, '1', '1', NULL, '1', NULL, NULL, NULL),
(81, '09784', NULL, '3319057112770088', 'SRI ANAH', 0, 'KUDUS', NULL, '0', NULL, '0', '0', NULL, NULL, NULL, 'PASAR NDORO', 'KUDUS', NULL, NULL, NULL, '10', '2', 'BL', NULL, NULL, NULL, '1', '1', NULL, '1', NULL, NULL, NULL),
(82, '07934', NULL, '3318102909750006', 'SUGIARTO', 0, 'PATI', NULL, '0', NULL, '0', '0', NULL, NULL, NULL, '-', 'PATI', NULL, NULL, NULL, '10', '2', 'BL', NULL, NULL, NULL, '1', '1', NULL, '1', NULL, NULL, NULL),
(83, '10331', NULL, '3319051608740008', 'SURATMAN', 0, 'PATI', NULL, '0', NULL, '0', '0', NULL, NULL, NULL, '-', 'KUDUS', NULL, NULL, NULL, '10', '2', 'BL', NULL, NULL, NULL, '1', '1', NULL, '1', NULL, NULL, NULL),
(84, '09785', NULL, '3319055409760004', 'NURSITI', 0, 'KUDUS', NULL, '0', NULL, '0', '0', NULL, NULL, NULL, '-', 'KUDUS', NULL, NULL, NULL, '10', '20', 'BL', NULL, NULL, NULL, '1', '1', NULL, '1', NULL, NULL, NULL),
(85, '07872', NULL, '3319031712730002', 'ADHI DARMAWAN', 0, 'KUDUS', NULL, '0', NULL, '0', '0', NULL, NULL, NULL, 'TAMBAK LULANG GG SERUNI 3', 'KUDUS', NULL, NULL, NULL, '10', '34', 'BL', NULL, NULL, NULL, '1', '1', NULL, '1', NULL, NULL, NULL),
(86, '08041', NULL, '3319022812770001', 'DENI PURNIAWAN', 0, 'KUDUS', NULL, '0', NULL, '0', '0', NULL, NULL, NULL, '-', 'KUDUS', NULL, NULL, NULL, '10', '34', 'BL', NULL, NULL, NULL, '1', '1', NULL, '1', NULL, NULL, NULL),
(87, '08644', NULL, '3319034202760006', 'NANIK LISTYO AYUNING', 0, 'KUDUS', NULL, '0', NULL, '0', '0', NULL, NULL, NULL, '-', 'KUDUS', NULL, NULL, NULL, '10', '16', 'BL', NULL, NULL, NULL, '1', '1', NULL, '1', NULL, NULL, NULL),
(88, '09225', NULL, '331905598760003', 'NING MULYARINI', 0, 'KUDUS', NULL, '0', NULL, '0', '0', NULL, NULL, NULL, '-', 'KUDUS', NULL, NULL, NULL, '10', '16', 'BL', NULL, NULL, NULL, '1', '1', NULL, '1', NULL, NULL, NULL),
(89, '07465', NULL, '3319030204750004', 'SUBRONO', 0, 'KUDUS', NULL, '0', NULL, '0', '0', NULL, NULL, NULL, '-', 'KUDUS', NULL, NULL, NULL, '6', '16', 'BL', NULL, NULL, NULL, '1', '1', NULL, '1', NULL, NULL, NULL),
(90, '06636', NULL, '3319050306720001', 'MULYANTO', 0, 'KUDUS', NULL, '0', NULL, '0', '0', NULL, NULL, NULL, '-', 'KUDUS', NULL, NULL, NULL, '10', '20', 'BL', NULL, NULL, NULL, '1', '1', NULL, '1', NULL, NULL, NULL),
(91, '06240', NULL, '3319020810680003', 'SLAMET SOLIKIN', 0, 'KUDUS', NULL, '0', NULL, '0', '0', NULL, NULL, NULL, 'KH ARWANI', 'KUDUS', NULL, NULL, NULL, '10', '21', 'BL', NULL, NULL, NULL, '1', '1', NULL, '1', NULL, NULL, NULL),
(92, '09943', NULL, NULL, 'EKO SUSANTO', 0, NULL, NULL, '0', NULL, '0', '0', NULL, NULL, NULL, NULL, NULL, NULL, NULL, NULL, '10', '22', 'BL', NULL, NULL, NULL, '1', '1', NULL, '1', NULL, NULL, NULL),
(93, '07659', NULL, NULL, 'HADI SUPRIYO', 0, NULL, NULL, '0', NULL, '0', '0', NULL, NULL, NULL, NULL, NULL, NULL, NULL, NULL, '10', '22', 'BL', NULL, NULL, NULL, '1', '1', NULL, '1', NULL, NULL, NULL),
(94, '05686', NULL, NULL, 'SAHLI PURNOMO', 0, NULL, NULL, '0', NULL, '0', '0', NULL, NULL, NULL, NULL, NULL, NULL, NULL, NULL, '10', '37', 'BL', NULL, NULL, NULL, '1', '1', NULL, '1', NULL, NULL, NULL),
(95, '07655', NULL, NULL, 'SLAMET', 0, NULL, NULL, '0', NULL, '0', '0', NULL, NULL, NULL, NULL, NULL, NULL, NULL, NULL, '10', '22', 'BL', NULL, NULL, NULL, '1', '1', NULL, '1', NULL, NULL, NULL),
(96, '08524', NULL, NULL, 'SUKIMIN', 0, NULL, NULL, '0', NULL, '0', '0', NULL, NULL, NULL, NULL, NULL, NULL, NULL, NULL, '10', '22', 'BL', NULL, NULL, NULL, '1', '1', NULL, '1', NULL, NULL, NULL),
(97, '08168', NULL, NULL, 'SULIPAH', 0, NULL, NULL, '0', NULL, '0', '0', NULL, NULL, NULL, NULL, NULL, NULL, NULL, NULL, '10', '22', 'BL', NULL, NULL, NULL, '1', '1', NULL, '1', NULL, NULL, NULL),
(98, '08134', NULL, NULL, 'SUNARDI', 0, NULL, NULL, '0', NULL, '0', '0', NULL, NULL, NULL, NULL, NULL, NULL, NULL, NULL, '10', '22', 'BL', NULL, NULL, NULL, '1', '1', NULL, '1', NULL, NULL, NULL),
(99, '09641', NULL, NULL, 'WARSONO', 0, NULL, NULL, '0', NULL, '0', '0', NULL, NULL, NULL, NULL, NULL, NULL, NULL, NULL, '10', '22', 'BL', NULL, NULL, NULL, '1', '1', NULL, '1', NULL, NULL, NULL),
(100, '07862', NULL, '3319021702770002', 'TEGUH SUSANTO', 0, 'KUDUS', NULL, '0', NULL, '0', '0', NULL, NULL, NULL, '-', 'KUDUS', NULL, NULL, NULL, '10', '38', 'BL', NULL, NULL, NULL, '1', '1', NULL, '1', NULL, NULL, NULL),
(101, '03204', NULL, '3319013004630001', 'APRI RIYANTO', 0, 'SURAKARTA', NULL, '0', NULL, '0', '2', NULL, NULL, NULL, 'PERMAI XI 3 KUDUS PERMAI', 'KUDUS', NULL, NULL, NULL, '2', '23', 'BL', NULL, NULL, NULL, '1', '1', NULL, '1', NULL, NULL, NULL),
(102, '03205', NULL, '3319031906520001', 'KARNADI TJAHYANA', 0, 'SURAKARTA', NULL, '0', NULL, '0', '2', NULL, NULL, NULL, 'PERUM PURA', 'KUDUS', NULL, NULL, NULL, '2', '23', 'KT', NULL, NULL, NULL, '1', '1', NULL, '1', NULL, NULL, NULL),
(103, '11007', NULL, '3319060107840159', 'M.RIZAL RIYO.W', 0, 'MAGELANG', NULL, '0', NULL, '0', '0', NULL, NULL, NULL, '-', 'KUDUS', NULL, NULL, NULL, '6', '23', 'BL', NULL, NULL, NULL, '1', '1', NULL, '1', NULL, NULL, NULL),
(104, '08384', NULL, '3319062801750003', 'HARSONO', 0, 'KUDUS', NULL, '0', NULL, '0', '0', NULL, NULL, NULL, '-', 'KUDUS', NULL, NULL, NULL, '10', '9', 'BL', NULL, NULL, NULL, '1', '1', NULL, '1', NULL, NULL, NULL),
(105, '07835', NULL, '3319022312670002', 'M.KRISTIANTA. N', 0, 'KLATEN', NULL, '0', NULL, '0', '2', NULL, NULL, NULL, 'SISWA NO .13', 'KUDUS', NULL, NULL, NULL, '3', '60', 'BL', NULL, NULL, NULL, '1', '1', NULL, '1', NULL, NULL, NULL),
(106, '08016', NULL, NULL, 'MASKURI', 0, NULL, NULL, '0', NULL, '0', '0', NULL, NULL, NULL, NULL, NULL, NULL, NULL, NULL, '10', '41', 'BL', NULL, NULL, NULL, '1', '1', NULL, '1', NULL, NULL, NULL),
(107, '00438', NULL, '3319030305640002', 'USMANTO', 0, 'KUDUS', NULL, '0', NULL, '0', '0', NULL, NULL, NULL, 'AKBP R AGIL KUSUMADYA', 'KUDUS', NULL, NULL, NULL, '10', '41', 'BL', NULL, NULL, NULL, '1', '1', NULL, '1', NULL, NULL, NULL),
(108, '10217', NULL, '3319031806780005', 'ADI WIBOWO', 0, 'KUDUS', NULL, '0', NULL, '0', '0', NULL, NULL, NULL, '-', 'KUDUS', NULL, NULL, NULL, '10', '58', 'BL', NULL, NULL, NULL, '1', '1', NULL, '1', NULL, NULL, NULL),
(109, '09545', NULL, '3319031708770001', 'AGUS HARYANTO', 0, 'KUDUS', NULL, '0', NULL, '0', '0', NULL, NULL, NULL, '-', 'KUDUS', NULL, NULL, NULL, '10', '10', 'BL', NULL, NULL, NULL, '1', '1', NULL, '1', NULL, NULL, NULL),
(110, '08373', NULL, '3319022102750001', 'MUCHAMAD ARIF', 0, 'KUDUS', NULL, '0', NULL, '0', '0', NULL, NULL, NULL, 'CENDANA  III', 'KUDUS', NULL, NULL, NULL, '10', '10', 'BL', NULL, NULL, NULL, '1', '1', NULL, '1', NULL, NULL, NULL),
(111, '09553', NULL, '3318121003790002', 'MUSAFA', 0, 'KUDUS', NULL, '0', NULL, '0', '0', NULL, NULL, NULL, '-', 'PATI', NULL, NULL, NULL, '10', '10', 'BL', NULL, NULL, NULL, '1', '1', NULL, '1', NULL, NULL, NULL),
(112, '08224', NULL, '3319061310750001', 'SLAMET RIYADI', 0, 'KUDUS', NULL, '0', NULL, '0', '0', NULL, NULL, NULL, '-', 'KUDUS', NULL, NULL, NULL, '10', '10', 'BL', NULL, NULL, NULL, '1', '1', NULL, '1', NULL, NULL, NULL),
(113, '10189', NULL, '3319060601770002', 'SUKARNO', 0, 'KUDUS', NULL, '0', NULL, '0', '0', NULL, NULL, NULL, '-', 'KUDUS', NULL, NULL, NULL, '10', '10', 'BL', NULL, NULL, NULL, '1', '1', NULL, '1', NULL, NULL, NULL),
(114, '03207', NULL, NULL, 'ENY KUSUMAWATI', 0, NULL, NULL, '0', NULL, '0', '0', NULL, NULL, NULL, NULL, NULL, NULL, NULL, NULL, '10', '42', 'BL', NULL, NULL, NULL, '1', '1', NULL, '1', NULL, NULL, NULL),
(115, '08008', NULL, '3319036505730004', 'SRI MARGAYANI', 0, 'KUDUS', NULL, '0', NULL, '0', '0', NULL, NULL, NULL, '-', 'KUDUS', NULL, NULL, NULL, '10', '42', 'BL', NULL, NULL, NULL, '1', '1', NULL, '1', NULL, NULL, NULL),
(116, '09151', NULL, '3319021202720005', 'M ROFIK CHALIMI', 0, 'KUDUS', NULL, '0', NULL, '0', '0', NULL, NULL, NULL, 'BURIKAN NO 393', 'KUDUS', NULL, NULL, NULL, '10', '13', 'BL', NULL, NULL, NULL, '1', '1', NULL, '1', NULL, NULL, NULL),
(117, '07901', NULL, '3319011912770002', 'MUKHTADI', 0, 'KUDUS', NULL, '0', NULL, '0', '0', NULL, NULL, NULL, 'KUDUS-JEPARA', 'KUDUS', NULL, NULL, NULL, '10', '13', 'BL', NULL, NULL, NULL, '1', '1', NULL, '1', NULL, NULL, NULL),
(118, '08227', NULL, '3319042101780002', 'TAUFIQUDIN D', 0, 'KUDUS', NULL, '0', NULL, '0', '0', NULL, NULL, NULL, 'RAYA KUDUS PURWODADI', 'KUDUS', NULL, NULL, NULL, '10', '13', 'BL', NULL, NULL, NULL, '1', '1', NULL, '1', NULL, NULL, NULL),
(119, '04288', NULL, '3319034512640002', 'FATIMAH', 0, 'KUDUS', NULL, '0', NULL, '0', '0', NULL, NULL, NULL, '-', 'KUDUS', NULL, NULL, NULL, '10', '44', 'BL', NULL, NULL, NULL, '1', '1', NULL, '1', NULL, NULL, NULL),
(120, '09550', NULL, NULL, 'NOOR FARIKHAH', 0, NULL, NULL, '0', NULL, '0', '0', NULL, NULL, NULL, NULL, NULL, NULL, NULL, NULL, '10', '44', 'BL', NULL, NULL, NULL, '1', '1', NULL, '1', NULL, NULL, NULL),
(121, '07888', NULL, NULL, 'HARYADI', 0, NULL, NULL, '0', NULL, '0', '0', NULL, NULL, NULL, NULL, NULL, NULL, NULL, NULL, '10', '37', 'BL', NULL, NULL, NULL, '1', '1', NULL, '1', NULL, NULL, NULL),
(122, '92986', NULL, NULL, 'SUPRIYANTI', NULL, NULL, NULL, '0', NULL, NULL, '0', NULL, NULL, NULL, NULL, NULL, NULL, NULL, NULL, '10', '1', 'KT', NULL, NULL, NULL, '1', '1', NULL, '1', NULL, NULL, NULL),
(123, '06772', NULL, NULL, 'SUHARTONO (B)', 0, NULL, NULL, '0', NULL, '0', '0', NULL, NULL, NULL, NULL, NULL, NULL, NULL, NULL, '10', '15', 'BL', NULL, NULL, NULL, '1', '1', NULL, '1', NULL, NULL, NULL),
(124, '10322', NULL, '3319030810790013', 'WIJANARKO', 0, 'KUDUS', NULL, '0', NULL, '0', '0', NULL, NULL, NULL, 'PATTIMURA', 'KUDUS', NULL, NULL, NULL, '10', '13', 'BL', NULL, NULL, NULL, '1', '1', NULL, '1', NULL, NULL, NULL),
(125, '04296', NULL, '3319062308680002', 'AGUS SUSANTO', 0, 'KUDUS', NULL, '0', NULL, NULL, '0', NULL, NULL, NULL, '-', 'KUDUS', NULL, NULL, NULL, '10', '48', 'BL', NULL, NULL, NULL, '1', '1', NULL, '1', NULL, NULL, NULL),
(126, '11481', NULL, '3171042601780003', 'JOHN SAPPA PATIBANG', 0, 'MAKASSAR', NULL, '0', NULL, NULL, '2', NULL, NULL, NULL, 'JL JAMBRUT NO. 11 A', 'JAKARTA PUSAT', NULL, NULL, NULL, '4', '60', 'BL', NULL, NULL, NULL, '1', '1', NULL, '1', NULL, NULL, NULL),
(127, '09738', NULL, '331903160877007', 'AGUS TIMUR KRISTIYANTO', 0, 'KUDUS', NULL, '0', NULL, NULL, '0', NULL, NULL, NULL, '-', 'KUDUS', NULL, NULL, NULL, '10', '56', 'BL', NULL, NULL, NULL, '1', '1', NULL, '1', NULL, NULL, NULL),
(128, '83849', NULL, NULL, 'EVA PRATAMA N', NULL, NULL, NULL, '0', NULL, NULL, '0', NULL, NULL, NULL, NULL, NULL, NULL, NULL, NULL, '10', '4', 'OS', NULL, NULL, NULL, '1', '1', NULL, '1', NULL, NULL, NULL),
(129, '09277', NULL, '3318010608760004', 'AGUS CHOLIM', 0, 'PATI', NULL, '0', NULL, NULL, '0', NULL, NULL, NULL, '-', 'PATI', NULL, NULL, NULL, '10', '58', 'BL', NULL, NULL, NULL, '1', '1', NULL, '1', NULL, NULL, NULL),
(130, '10001', NULL, NULL, 'MISBACHUL ALAM', 0, NULL, NULL, '0', NULL, NULL, '0', NULL, NULL, NULL, NULL, NULL, NULL, NULL, NULL, '10', '18', 'OS', NULL, NULL, NULL, '1', '1', NULL, '1', NULL, NULL, NULL),
(131, '93000', NULL, '3319045712920004', 'SRI AMALIA', NULL, 'KUDUS', NULL, '0', NULL, NULL, '0', NULL, NULL, NULL, '-', 'KUDUS', NULL, NULL, NULL, '10', '44', 'KT', NULL, NULL, NULL, '1', '1', NULL, '1', NULL, NULL, NULL),
(132, '34951', NULL, NULL, 'MUSALIS RIDHOLLOH', 0, NULL, NULL, '0', NULL, NULL, '0', NULL, NULL, NULL, NULL, NULL, NULL, NULL, NULL, '10', '61', 'OS', NULL, NULL, NULL, '1', '1', NULL, '1', NULL, NULL, NULL),
(133, '08166', NULL, NULL, 'SULIPAH', 1, NULL, NULL, '0', NULL, NULL, '0', 'SLTA', NULL, NULL, NULL, NULL, NULL, NULL, NULL, '10', '22', 'BL', NULL, NULL, NULL, '1', '1', NULL, '1', NULL, NULL, NULL),
(134, '08447', NULL, '3319031801720002', 'SUTARDI', 0, 'KUDUS', NULL, '0', NULL, '0', '0', NULL, NULL, NULL, 'UMK', 'KUDUS', NULL, NULL, NULL, '10', '46', 'BL', NULL, NULL, NULL, '1', '1', NULL, '1', NULL, NULL, NULL),
(135, '20697', NULL, NULL, 'BAYU WISNU MURTI', NULL, NULL, NULL, '0', NULL, NULL, '0', NULL, NULL, NULL, NULL, NULL, NULL, NULL, NULL, '10', '61', 'OS', NULL, NULL, NULL, '1', '1', NULL, '1', NULL, NULL, NULL),
(136, '00001', NULL, NULL, 'MUHAMAMAD SALIM', NULL, NULL, NULL, '0', NULL, NULL, '0', NULL, NULL, NULL, NULL, NULL, NULL, NULL, NULL, '10', '3', 'HL', NULL, NULL, NULL, '1', '1', NULL, '1', NULL, NULL, NULL),
(137, '00002', NULL, NULL, 'M.ISLAHUDIN', NULL, NULL, NULL, '0', NULL, NULL, '0', NULL, NULL, NULL, NULL, NULL, NULL, NULL, NULL, '10', '3', 'HL', NULL, NULL, NULL, '1', '1', NULL, '1', NULL, NULL, NULL),
(138, '00003', NULL, NULL, 'ARIF SETYAWAN', NULL, NULL, NULL, '0', NULL, NULL, '0', NULL, NULL, NULL, NULL, NULL, NULL, NULL, NULL, '10', '3', 'HL', NULL, NULL, NULL, '1', '1', NULL, '1', NULL, NULL, NULL),
(139, '00004', NULL, NULL, 'ASROFI', NULL, NULL, NULL, '0', NULL, NULL, '0', NULL, NULL, NULL, NULL, NULL, NULL, NULL, NULL, '10', '3', 'HL', NULL, NULL, NULL, '1', '1', NULL, '1', NULL, NULL, NULL),
(140, '00005', NULL, NULL, 'SOKRAN', NULL, NULL, NULL, '0', NULL, NULL, '0', NULL, NULL, NULL, NULL, NULL, NULL, NULL, NULL, '10', '3', 'HL', NULL, NULL, NULL, '1', '1', NULL, '1', NULL, NULL, NULL),
(141, '00006', NULL, NULL, 'NURUL IMAN', NULL, NULL, NULL, '0', NULL, NULL, '0', NULL, NULL, NULL, NULL, NULL, NULL, NULL, NULL, '10', '3', 'HL', NULL, NULL, NULL, '1', '1', NULL, '1', NULL, NULL, NULL),
(142, '00007', NULL, NULL, 'AGUS SANTOSO', NULL, NULL, NULL, '0', NULL, NULL, '0', NULL, NULL, NULL, NULL, NULL, NULL, NULL, NULL, '10', '3', 'HL', NULL, NULL, NULL, '1', '1', NULL, '1', NULL, NULL, NULL),
(143, '00008', NULL, NULL, 'ALI MUNDHOFAR', NULL, NULL, NULL, '0', NULL, NULL, '0', NULL, NULL, NULL, NULL, NULL, NULL, NULL, NULL, '10', '3', 'HL', NULL, NULL, NULL, '1', '1', NULL, '1', NULL, NULL, NULL),
(144, '00009', NULL, NULL, 'DESKI REVANDI P', NULL, NULL, NULL, '0', NULL, NULL, '0', NULL, NULL, NULL, NULL, NULL, NULL, NULL, NULL, '10', '3', 'HL', NULL, NULL, NULL, '1', '1', NULL, '1', NULL, NULL, NULL),
(145, '00010', NULL, NULL, 'ALI MAHMUDI', NULL, NULL, NULL, '0', NULL, NULL, '0', NULL, NULL, NULL, NULL, NULL, NULL, NULL, NULL, '10', '3', 'HL', NULL, NULL, NULL, '1', '1', NULL, '1', NULL, NULL, NULL),
(146, '00011', NULL, NULL, 'MOHAMAD KHIRUL ANAM', NULL, NULL, NULL, '0', NULL, NULL, '0', NULL, NULL, NULL, NULL, NULL, NULL, NULL, NULL, '10', '3', 'HL', NULL, NULL, NULL, '1', '1', NULL, '1', NULL, NULL, NULL),
(147, '93661', NULL, '3304164603870004', 'IVANA KURNIATI SARI DEWI', NULL, 'BANJARNEGARA', NULL, '0', NULL, NULL, '0', NULL, NULL, NULL, 'KEPAKISAN', 'BANJARNEGERA', NULL, NULL, NULL, '3', '33', 'KT', NULL, NULL, NULL, '1', '1', NULL, '1', NULL, NULL, NULL),
(148, '81376', NULL, NULL, 'IKA KUSUMA WARDANI', NULL, NULL, NULL, '0', NULL, NULL, '0', NULL, NULL, NULL, NULL, NULL, NULL, NULL, NULL, '10', '4', 'OS', NULL, NULL, NULL, '1', '1', NULL, '1', NULL, NULL, NULL),
(149, '13971', NULL, NULL, 'AHMAD RIZA TAUFIQUR ROHMAN', NULL, NULL, NULL, '0', NULL, NULL, '0', NULL, NULL, NULL, NULL, NULL, NULL, NULL, NULL, '10', '61', 'OS', NULL, NULL, NULL, '1', '1', NULL, '1', NULL, NULL, NULL),
(150, '00013', NULL, NULL, 'ANTON SUJARWO', NULL, NULL, NULL, '0', NULL, NULL, '0', NULL, NULL, NULL, NULL, NULL, NULL, NULL, NULL, '10', '3', 'HL', NULL, NULL, NULL, '1', '1', NULL, '1', NULL, NULL, NULL),
(151, '00014', NULL, NULL, 'AMIR WAHYUDI', NULL, NULL, NULL, '0', NULL, NULL, '0', NULL, NULL, NULL, NULL, NULL, NULL, NULL, NULL, '10', '3', 'HL', NULL, NULL, NULL, '1', '1', NULL, '1', NULL, NULL, NULL),
(152, '00015', NULL, NULL, 'AGUS SALIM', NULL, NULL, NULL, '0', NULL, NULL, '0', NULL, NULL, NULL, NULL, NULL, NULL, NULL, NULL, '10', '3', 'HL', NULL, NULL, NULL, '1', '1', NULL, '1', NULL, NULL, NULL),
(153, '00016', NULL, NULL, 'ARISA  PANJI . A', NULL, NULL, NULL, '0', NULL, NULL, '0', NULL, NULL, NULL, NULL, NULL, NULL, NULL, NULL, '10', '3', 'HL', NULL, NULL, NULL, '1', '1', NULL, '1', NULL, NULL, NULL),
(154, '07825', NULL, '3319031804730002', 'AGUS MUNTAROM', 0, 'KUDUS', NULL, '0', NULL, '0', '0', NULL, NULL, NULL, '-', 'KUDUS', NULL, NULL, NULL, '10', '34', 'BL', NULL, NULL, NULL, '1', '1', NULL, '1', NULL, NULL, NULL),
(155, '08207', NULL, '3319051405770003', 'AKHIYANTO', 0, 'KUDUS', NULL, '0', NULL, '0', '0', NULL, NULL, NULL, '-', 'KUDUS', NULL, NULL, NULL, '10', '58', 'BL', NULL, NULL, NULL, '1', '1', NULL, '1', NULL, NULL, NULL),
(156, '09215', NULL, '3319010206710002', 'DEDY BUDI R', 0, 'BANJARNEGARA', NULL, '0', NULL, '0', '0', NULL, NULL, NULL, 'KUDUS PERMAI 17 NO 7', 'KUDUS', NULL, NULL, NULL, '2', '23', 'BL', NULL, NULL, NULL, '1', '1', NULL, '1', NULL, NULL, NULL),
(157, '08691', NULL, '3319032911760001', 'EDY SUPRAPTO', 0, 'KUDUS', NULL, '0', NULL, '0', '0', NULL, NULL, NULL, 'JALUR LINGKAR (SIMANGU)', 'KUDUS', NULL, NULL, NULL, '10', '58', 'BL', NULL, NULL, NULL, '1', '1', NULL, '1', NULL, NULL, NULL),
(158, '00368', NULL, '3319022908680003', 'EDY SUSILO', 0, 'KUDUS', NULL, '0', NULL, '0', '0', NULL, NULL, NULL, 'HOS COKROAMINOTO', 'KUDUS', NULL, NULL, NULL, '10', '56', 'BL', NULL, NULL, NULL, '1', '1', NULL, '1', NULL, NULL, NULL),
(159, '08223', NULL, '3319082607730003', 'IMAM YULIANTO', 0, 'KUDUS', NULL, '0', NULL, '0', '0', NULL, NULL, NULL, '-', 'KUDUS', NULL, NULL, NULL, '10', '58', 'BL', NULL, NULL, NULL, '1', '1', NULL, '1', NULL, NULL, NULL),
(160, '92946', NULL, '3319030204820001', 'JATMIN', 0, 'KUDUS', NULL, '0', NULL, NULL, '0', 'SLTA', NULL, NULL, '-', 'KUDUS', NULL, NULL, NULL, '10', '9', 'KT', NULL, NULL, NULL, '1', '1', NULL, '1', NULL, NULL, NULL),
(161, '09863', NULL, '3319032206780001', 'JONIYANTO', 0, 'KUDUS', NULL, '0', NULL, '0', '0', NULL, NULL, NULL, '-', 'KUDUS', NULL, NULL, NULL, '10', '26', 'BL', NULL, NULL, NULL, '1', '1', NULL, '1', NULL, NULL, NULL),
(162, '09979', NULL, '3319034808800014', 'JUMILAH', 0, 'KUDUS', NULL, '0', NULL, '0', '0', NULL, NULL, NULL, 'RAYA KUDUS-PATI', 'KUDUS', NULL, NULL, NULL, '10', '56', 'BL', NULL, NULL, NULL, '1', '1', NULL, '1', NULL, NULL, NULL),
(163, '10323', NULL, '3319062003790001', 'M AFIF', 0, 'KUDUS', NULL, '0', NULL, '0', '0', NULL, NULL, NULL, 'HASTRONO NO 72', 'KUDUS', NULL, NULL, NULL, '10', '10', 'BL', NULL, NULL, NULL, '1', '1', NULL, '1', NULL, NULL, NULL),
(164, '04776', NULL, '3319022310700002', 'M. MILKHAN', 0, 'KUDUS', NULL, '0', NULL, '0', '0', NULL, NULL, NULL, 'HOS COKROAMINOTO', 'KUDUS', NULL, NULL, NULL, '10', '60', 'BL', NULL, NULL, NULL, '1', '1', NULL, '1', NULL, NULL, NULL),
(165, '07999', NULL, '3321080603770001', 'M.TAUFIQ', 0, 'DEMAK', NULL, '0', NULL, '0', '0', NULL, NULL, NULL, 'GAJAH DEMPET', 'DEMAK', NULL, NULL, NULL, '6', '55', 'BL', NULL, NULL, NULL, '1', '1', NULL, '1', NULL, NULL, NULL),
(166, '00020', NULL, NULL, 'RUSMANTO', NULL, NULL, NULL, '0', NULL, NULL, '0', NULL, NULL, NULL, NULL, NULL, NULL, NULL, NULL, '10', '3', 'HL', NULL, NULL, NULL, '1', '1', NULL, '1', NULL, NULL, NULL),
(167, '00021', NULL, NULL, 'YUDHA SAKTI AJI', NULL, NULL, NULL, '0', NULL, NULL, '0', NULL, NULL, NULL, NULL, NULL, NULL, NULL, NULL, '10', '3', 'HL', NULL, NULL, NULL, '1', '1', NULL, '1', NULL, NULL, NULL),
(168, '00022', NULL, NULL, 'KASNAWI', NULL, NULL, NULL, '0', NULL, NULL, '0', NULL, NULL, NULL, NULL, NULL, NULL, NULL, NULL, '10', '3', 'HL', NULL, NULL, NULL, '1', '1', NULL, '1', NULL, NULL, NULL),
(169, '92977', NULL, NULL, 'ENDANG PA', NULL, NULL, NULL, '0', NULL, NULL, '0', NULL, NULL, NULL, NULL, NULL, NULL, NULL, NULL, '10', '3', 'HL', NULL, NULL, NULL, '1', '1', NULL, '1', NULL, NULL, NULL),
(170, '92978', NULL, NULL, 'ROCHMAH', NULL, NULL, NULL, '0', NULL, NULL, '0', NULL, NULL, NULL, NULL, NULL, NULL, NULL, NULL, '10', '3', 'HL', NULL, NULL, NULL, '1', '1', NULL, '1', NULL, NULL, NULL),
(171, '11892', NULL, NULL, 'RUDY HARTANTO', NULL, NULL, NULL, '0', NULL, NULL, '0', NULL, NULL, NULL, NULL, NULL, NULL, NULL, NULL, '6', '53', 'BL', NULL, NULL, NULL, '1', '1', NULL, '1', NULL, NULL, NULL),
(172, '59616', NULL, '3319050206960002', 'MOCHAMMAD BAHAR MUHARROM AR \nRIZKI', NULL, NULL, NULL, '0', NULL, NULL, '0', NULL, NULL, NULL, NULL, NULL, NULL, NULL, NULL, '10', '61', 'OS', NULL, NULL, NULL, '1', '1', NULL, '1', NULL, NULL, NULL),
(173, '08161', NULL, '3319030706760001', 'SLAMET RIYANTO', 0, 'KUDUS', NULL, '0', NULL, '0', '0', NULL, NULL, NULL, '-', 'KUDUS', NULL, NULL, NULL, '10', '58', 'BL', NULL, NULL, NULL, '1', '1', NULL, '1', NULL, NULL, NULL),
(174, '05258', NULL, '3319030105720001', 'SUGITO', 0, 'KUDUS', NULL, '0', NULL, '0', '0', NULL, NULL, NULL, '-', 'KUDUS', NULL, NULL, NULL, '6', '58', 'BL', NULL, NULL, NULL, '1', '1', NULL, '1', NULL, NULL, NULL),
(175, '08221', NULL, '3319050208700001', 'SUPENO', 0, 'KUDUS', NULL, '0', NULL, '0', '0', NULL, NULL, NULL, 'SURYO KUSUMO', 'KUDUS', NULL, NULL, NULL, '10', '58', 'BL', NULL, NULL, NULL, '1', '1', NULL, '1', NULL, NULL, NULL),
(176, '09783', NULL, '3319024406760006', 'ZULI ANITA', 0, 'KUDUS', NULL, '0', NULL, '0', '0', NULL, NULL, NULL, 'KH ARWANI', 'KUDUS', NULL, NULL, NULL, '10', '56', 'BL', NULL, NULL, NULL, '1', '1', NULL, '1', NULL, NULL, NULL),
(177, '09616', NULL, '3319020503790005', 'DANIAL YUSWORO', 0, 'KUDUS', NULL, '0', NULL, '0', '0', NULL, NULL, NULL, 'JEND SUDIRMAN NO 719', 'KUDUS', NULL, NULL, NULL, '10', '59', 'BL', NULL, NULL, NULL, '1', '1', NULL, '1', NULL, NULL, NULL),
(178, '10190', NULL, '3319060902800001', 'EKO MULYANTO', 0, 'KUDUS', NULL, '0', NULL, '0', '0', NULL, NULL, NULL, '-', 'KUDUS', NULL, NULL, NULL, '10', '59', 'BL', NULL, NULL, NULL, '1', '1', NULL, '1', NULL, NULL, NULL),
(179, '03333', NULL, '3319010408630002', 'MARDIYONO', 0, 'KUDUS', NULL, '0', NULL, '0', '0', NULL, NULL, NULL, 'JEPARA', 'KUDUS', NULL, NULL, NULL, '6', '9', 'BL', NULL, NULL, NULL, '1', '1', NULL, '1', NULL, NULL, NULL),
(180, '07615', NULL, '3319070307750002', 'MUHAMMAD RAMIJAN', 0, 'KUDUS', NULL, '0', NULL, '0', '0', NULL, NULL, NULL, '-', 'KUDUS', NULL, NULL, NULL, '10', '59', 'BL', NULL, NULL, NULL, '1', '1', NULL, '1', NULL, NULL, NULL),
(181, '10257', NULL, '3319030512810006', 'SUPRIYADI', 0, 'KUDUS', NULL, '0', NULL, '0', '0', NULL, NULL, NULL, 'PURA', 'KUDUS', NULL, NULL, NULL, '10', '59', 'BL', NULL, NULL, NULL, '1', '1', NULL, '1', NULL, NULL, NULL),
(182, '07857', NULL, '3319064808700004', 'WIWIN ENDARWATI', 0, 'KUDUS', NULL, '0', NULL, '0', '0', NULL, NULL, NULL, '-', 'KUDUS', NULL, NULL, NULL, '10', '59', 'BL', NULL, NULL, NULL, '1', '1', NULL, '1', NULL, NULL, NULL),
(183, '06769', NULL, '3319071106680002', 'AGUS TAUFIK', 0, 'KUDUS', NULL, '0', NULL, '0', '0', NULL, NULL, NULL, 'ALI MAHMUDI', 'KUDUS', NULL, NULL, NULL, '10', '60', 'BL', NULL, NULL, NULL, '1', '1', NULL, '1', NULL, NULL, NULL),
(184, '08004', NULL, NULL, 'ARIF EKO WICAKSONO', 0, NULL, NULL, '0', NULL, '0', '0', NULL, NULL, NULL, NULL, NULL, NULL, NULL, NULL, '10', '60', 'BL', NULL, NULL, NULL, '1', '1', NULL, '1', NULL, NULL, NULL),
(185, '08440', NULL, '3319030905750012', 'BAHTIAR AGUNG N', 0, 'KUDUS', NULL, '0', NULL, '0', '0', NULL, NULL, NULL, '-', 'KUDUS', NULL, NULL, NULL, '10', '60', 'BL', NULL, NULL, NULL, '1', '1', NULL, '1', NULL, NULL, NULL),
(186, '10731', NULL, '3319020102780001', 'HIMAWAN TS', 0, 'KUDUS', NULL, '0', NULL, '0', '1', NULL, NULL, NULL, 'KAYUAPU KULON', 'KUDUS', NULL, NULL, NULL, '10', '60', 'BL', NULL, NULL, NULL, '1', '1', NULL, '1', NULL, NULL, NULL),
(187, '08429', NULL, '3319021011760007', 'KARMINTO', 0, 'KUDUS', NULL, '0', NULL, '0', '0', NULL, NULL, NULL, 'HOSCOKROAMINOTO', 'KUDUS', NULL, NULL, NULL, '10', '60', 'BL', NULL, NULL, NULL, '1', '1', NULL, '1', NULL, NULL, NULL),
(188, '08011', NULL, '3319051703700001', 'KUSWANDI', 0, 'KUDUS', NULL, '0', NULL, '0', '0', NULL, NULL, NULL, '-', 'KUDUS', NULL, NULL, NULL, '10', '60', 'BL', NULL, NULL, NULL, '1', '1', NULL, '1', NULL, NULL, NULL),
(189, '02358', NULL, '3319031003650008', 'M.MUNIR', 0, 'DEMAK', NULL, '0', NULL, '0', '0', NULL, NULL, NULL, '-', 'KUDUS', NULL, NULL, NULL, '10', '60', 'BL', NULL, NULL, NULL, '1', '1', NULL, '1', NULL, NULL, NULL),
(190, '08005', NULL, '3319061509690001', 'PURWANTO', 0, 'KUDUS', NULL, '0', NULL, '0', '0', NULL, NULL, NULL, 'RAYA BARENG-COLO', 'KUDUS', NULL, NULL, NULL, '10', '60', 'BL', NULL, NULL, NULL, '1', '1', NULL, '1', NULL, NULL, NULL),
(191, '10188', NULL, NULL, 'SAIFUDDIN', 0, NULL, NULL, '0', NULL, '0', '0', NULL, NULL, NULL, NULL, NULL, NULL, NULL, NULL, '10', '60', 'BL', NULL, NULL, NULL, '1', '1', NULL, '1', NULL, NULL, NULL),
(192, '10069', NULL, '3502173112660002', 'SISWANDHARU', 0, 'MADIUN', NULL, '0', NULL, '0', '1', NULL, NULL, NULL, 'DIENG 53', 'PONOROGO', NULL, NULL, NULL, '6', '60', 'BL', NULL, NULL, NULL, '1', '1', NULL, '1', NULL, NULL, NULL),
(193, '05978', NULL, '3319031107670001', 'SUMANI', 0, 'KUDUS', NULL, '0', NULL, '0', '0', NULL, NULL, NULL, 'PURWODADI', 'KUDUS', NULL, NULL, NULL, '10', '60', 'BL', NULL, NULL, NULL, '1', '1', NULL, '1', NULL, NULL, NULL),
(194, '00672', NULL, '3320123101660002', 'SUNARTO', 0, 'JEPARA', NULL, '0', NULL, '0', '0', NULL, NULL, NULL, '-', 'JEPARA', NULL, NULL, NULL, '10', '60', 'BL', NULL, NULL, NULL, '1', '1', NULL, '1', NULL, NULL, NULL),
(195, '00164', NULL, '3321090303630004', 'SUTRISNO', 0, 'DEMAK', NULL, '0', NULL, '0', '0', NULL, NULL, NULL, '-', 'DEMAK', NULL, NULL, NULL, '10', '60', 'BL', NULL, NULL, NULL, '1', '1', NULL, '1', NULL, NULL, NULL),
(196, '07867', NULL, '3319011102720001', 'KAMAL YASID', 0, 'KUDUS', NULL, '0', NULL, NULL, '0', NULL, NULL, NULL, '-', 'KUDUS', NULL, NULL, NULL, '10', '13', 'BL', NULL, NULL, NULL, '1', '1', NULL, '1', NULL, NULL, NULL),
(197, '04053', NULL, '331902119660004', 'AMIN SUROTO', 0, 'PURWODADI', NULL, '0', NULL, NULL, '0', NULL, NULL, NULL, 'GANESA IV PURWOSARI \nKUDUS', 'KUDUS', NULL, NULL, NULL, '10', '45', 'BL', NULL, NULL, NULL, '1', '1', NULL, '1', NULL, NULL, NULL),
(198, '09253', NULL, '3320041806780003', 'AMRI PRIYOWIBOWO', 0, 'KUDUS', NULL, '0', NULL, NULL, '0', NULL, NULL, NULL, '-', 'JEPARA', NULL, NULL, NULL, '6', '47', 'BL', NULL, NULL, NULL, '1', '1', NULL, '1', NULL, NULL, NULL),
(199, '09941', NULL, '3319060909750001', 'AGUS SAPUTRO', 0, 'TERNATE', NULL, '0', NULL, NULL, '0', NULL, NULL, NULL, 'MANGGA', 'KUDUS', NULL, NULL, NULL, '10', '24', 'BL', NULL, NULL, NULL, '1', '1', NULL, '1', NULL, NULL, NULL),
(200, '71215', NULL, NULL, 'ARIEF PRIHANDOKO U', NULL, NULL, NULL, '0', NULL, NULL, '0', NULL, NULL, NULL, NULL, NULL, NULL, NULL, NULL, '10', '61', 'OS', NULL, NULL, NULL, '1', '1', NULL, '1', NULL, NULL, NULL),
(201, '09862', NULL, '3319051306770004', 'ABDUL KHALIM', 0, 'KUDUS', NULL, '0', NULL, NULL, '0', NULL, NULL, NULL, 'H MARJUKI NO 33', 'KUDUS', NULL, NULL, NULL, '10', '46', 'BL', NULL, NULL, NULL, '1', '1', NULL, '1', NULL, NULL, NULL),
(202, '07997', NULL, '3319020202700002', 'HERY DJUNAEDI', 0, 'KUDUS', NULL, '0', NULL, NULL, '0', NULL, NULL, NULL, 'SATRIA', 'KUDUS', NULL, NULL, NULL, '3', '53', 'BL', NULL, NULL, NULL, '1', '1', NULL, '1', NULL, NULL, NULL),
(203, '00012', NULL, NULL, 'SLAMET SUSANTO', NULL, NULL, NULL, '0', NULL, NULL, '0', NULL, NULL, NULL, NULL, NULL, NULL, NULL, NULL, '10', '3', 'HL', NULL, NULL, NULL, '1', '1', NULL, '1', NULL, NULL, NULL),
(204, '10186', NULL, '3319031202820005', 'ARIS FAKHRUR ROZI', 0, 'KUDUS', NULL, '0', NULL, NULL, '0', NULL, NULL, NULL, '-', 'KUDUS', NULL, NULL, NULL, '10', '57', 'BL', NULL, NULL, NULL, '1', '1', NULL, '1', NULL, NULL, NULL),
(205, '09228', NULL, '3319021606770005', 'BUDI PRASETYO', 0, 'KUDUS', NULL, '0', NULL, NULL, '0', NULL, NULL, NULL, 'MENUR 276', 'KUDUS', NULL, NULL, NULL, '3', '59', 'BL', NULL, NULL, NULL, '1', '1', NULL, '1', NULL, NULL, NULL),
(206, '00609', NULL, '3319031202620002', 'ABDUL AZIZ', 0, 'KUDUS', NULL, '0', NULL, NULL, '0', NULL, NULL, NULL, 'GANG SENO', 'KUDUS', NULL, NULL, NULL, '10', '60', 'KT', NULL, NULL, NULL, '1', '1', NULL, '1', NULL, NULL, NULL),
(207, '39215', NULL, NULL, 'AGUS PRASETYO', 0, NULL, NULL, '0', NULL, NULL, '0', NULL, NULL, NULL, NULL, NULL, NULL, NULL, NULL, '10', '61', 'OS', NULL, NULL, NULL, '1', '1', NULL, '1', NULL, NULL, NULL),
(208, '00519', NULL, NULL, 'ALI SUBKAN', 0, NULL, NULL, '0', NULL, NULL, '0', NULL, NULL, NULL, NULL, NULL, NULL, NULL, NULL, '10', '61', 'OS', NULL, NULL, NULL, '1', '1', NULL, '1', NULL, NULL, NULL),
(209, '18014', NULL, NULL, 'ANDI WAHYUDI', 0, NULL, NULL, '0', NULL, NULL, '0', NULL, NULL, NULL, NULL, NULL, NULL, NULL, NULL, '10', '61', 'OS', NULL, NULL, NULL, '1', '1', NULL, '1', NULL, NULL, NULL),
(210, '69514', NULL, NULL, 'ARIS MULYADI', 0, NULL, NULL, '0', '-', NULL, '0', NULL, NULL, NULL, NULL, NULL, NULL, NULL, NULL, '10', '25', 'OS', NULL, NULL, NULL, '1', '1', NULL, '1', NULL, NULL, NULL),
(211, '17113', NULL, NULL, 'ARIS SUDARSONO', 0, NULL, NULL, '0', NULL, NULL, '0', NULL, NULL, NULL, NULL, NULL, NULL, NULL, NULL, '10', '61', 'OS', NULL, NULL, NULL, '1', '1', NULL, '1', NULL, NULL, NULL),
(212, '20098', NULL, NULL, 'DWI NUR A', 0, NULL, NULL, '0', NULL, NULL, '0', NULL, NULL, NULL, NULL, NULL, NULL, NULL, NULL, '10', '61', 'OS', NULL, NULL, NULL, '1', '1', NULL, '1', NULL, NULL, NULL),
(213, '38914', NULL, NULL, 'JOKO KIRONO', 0, NULL, NULL, '0', NULL, NULL, '0', NULL, NULL, NULL, NULL, NULL, NULL, NULL, NULL, '10', '61', 'OS', NULL, NULL, NULL, '1', '1', NULL, '1', NULL, NULL, NULL),
(214, '20096', NULL, NULL, 'MOHAMAD KHODHOIT', 0, NULL, NULL, '0', NULL, NULL, '0', NULL, NULL, NULL, NULL, NULL, NULL, NULL, NULL, '10', '61', 'OS', NULL, NULL, NULL, '1', '1', NULL, '1', NULL, NULL, NULL),
(215, '95941', NULL, NULL, 'MUHAMMAD AS''ARI', 0, NULL, NULL, '0', NULL, NULL, '0', NULL, NULL, NULL, NULL, NULL, NULL, NULL, NULL, '10', '61', 'OS', NULL, NULL, NULL, '1', '1', NULL, '1', NULL, NULL, NULL),
(216, '09838', NULL, NULL, 'RAHAYU WIDODO', 0, NULL, NULL, '0', NULL, NULL, '0', NULL, NULL, NULL, NULL, NULL, NULL, NULL, NULL, '10', '61', 'OS', NULL, NULL, NULL, '1', '1', NULL, '1', NULL, NULL, NULL),
(217, '39414', NULL, NULL, 'RAHMAT BAGUS P', 0, NULL, NULL, '0', NULL, NULL, '0', NULL, NULL, NULL, NULL, NULL, NULL, NULL, NULL, '10', '61', 'OS', NULL, NULL, NULL, '1', '1', NULL, '1', NULL, NULL, NULL),
(218, '00686', NULL, NULL, 'RONNY SOFIYANTO', 0, NULL, NULL, '0', NULL, NULL, '0', NULL, NULL, NULL, NULL, NULL, NULL, NULL, NULL, '10', '61', 'OS', NULL, NULL, NULL, '1', '1', NULL, '1', NULL, NULL, NULL),
(219, '00499', NULL, NULL, 'SAEFUL ANAS', 0, NULL, NULL, '0', NULL, NULL, '0', NULL, NULL, NULL, NULL, NULL, NULL, NULL, NULL, '10', '61', 'OS', NULL, NULL, NULL, '1', '1', NULL, '1', NULL, NULL, NULL),
(220, '24097', NULL, NULL, 'SLAMET RIYADI', 0, NULL, NULL, '0', NULL, NULL, '0', NULL, NULL, NULL, NULL, NULL, NULL, NULL, NULL, '10', '61', 'OS', NULL, NULL, NULL, '1', '1', NULL, '1', NULL, NULL, NULL),
(221, '42921', NULL, NULL, 'SONY DEWANTORO', 0, NULL, NULL, '0', NULL, NULL, '0', NULL, NULL, NULL, NULL, NULL, NULL, NULL, NULL, '10', '61', 'OS', NULL, NULL, NULL, '1', '1', NULL, '1', NULL, NULL, NULL),
(222, '08598', NULL, '3319050805770006', 'MOKH MUSLIKAN', 0, 'KUDUS', NULL, '0', NULL, '0', '0', NULL, NULL, NULL, 'KUDUS PATI KM 6', 'KUDUS', NULL, NULL, NULL, '10', '6', 'BL', NULL, NULL, NULL, '1', '1', NULL, '1', NULL, NULL, NULL),
(223, '06884', NULL, '3319032511730001', 'BUDIONO', 0, 'KUDUS', NULL, '0', NULL, '0', '0', NULL, NULL, NULL, '-', 'KUDUS', NULL, NULL, NULL, '10', '21', 'BL', NULL, NULL, NULL, '1', '1', NULL, '1', NULL, NULL, NULL),
(224, '10216', NULL, '3319030208770004', 'AGUS WIBOWO', 0, 'DEMAK', NULL, '0', NULL, '0', '0', NULL, NULL, NULL, '-', 'KUDUS', NULL, NULL, NULL, '10', '16', 'BL', NULL, NULL, NULL, '1', '1', NULL, '1', NULL, NULL, NULL),
(225, '09107', NULL, '3319056006710002', 'SULASTRI', 1, 'KUDUS', NULL, '0', NULL, '0', '0', NULL, NULL, NULL, 'MEJOBO', 'KUDUS', NULL, NULL, NULL, '10', '12', 'BL', NULL, NULL, NULL, '1', '1', NULL, '1', NULL, NULL, NULL),
(226, '09219', NULL, '3318102602770007', 'BUDI HARYO KRISTANTO', 0, 'PATI', NULL, '0', NULL, '0', '0', NULL, NULL, NULL, 'P DIPONEGORO', 'PATI', NULL, NULL, NULL, '3', '16', 'BL', NULL, NULL, NULL, '1', '1', NULL, '1', NULL, NULL, NULL),
(227, '05922', NULL, '3319070504720006', 'NYARWI', 0, 'REMBANG', NULL, '0', NULL, '0', '0', NULL, NULL, NULL, '-', 'KUDUS', NULL, NULL, NULL, '10', '7', 'BL', NULL, NULL, NULL, '1', '1', NULL, '1', NULL, NULL, NULL),
(228, '10729', NULL, '3319030511840001', 'MASUDI ( B )', 0, 'KUDUS', NULL, '0', NULL, '0', '0', NULL, NULL, NULL, 'KUDUS PURWODADI', 'KUDUS', NULL, NULL, NULL, '10', '20', 'BL', NULL, NULL, NULL, '1', '1', NULL, '1', NULL, NULL, NULL),
(229, '06824', NULL, '3319045510680001', 'MUYASAROH', 0, 'KUDUS', NULL, '0', NULL, '0', '0', NULL, NULL, NULL, 'KUDUS PURWODADI', 'KUDUS', NULL, NULL, NULL, '10', '1', 'BL', NULL, NULL, NULL, '1', '1', NULL, '1', NULL, NULL, NULL);
INSERT INTO `karyawan` (`id`, `NIK`, `NoOS`, `NoKTP`, `Nm_Karyawan`, `Sex`, `TmpLahir`, `TglLahir`, `GolDarah`, `Kd_Marital`, `JmlAnak`, `Agama`, `Kd_Pendidikan`, `Jurusan`, `NPWP`, `Alamat`, `Kota`, `NoTelp`, `NoHP`, `Email`, `id_jabatan`, `id_bagian`, `Kd_Status`, `TglMasuk`, `TglKeluar`, `Picture`, `IsActive`, `create_by`, `create_date`, `update_by`, `update_date`, `Keterangan`, `TglPenetapan`) VALUES
(230, '04506', NULL, NULL, 'ACHMAD ANIF', 0, NULL, NULL, '0', NULL, '0', '0', NULL, NULL, NULL, NULL, NULL, NULL, NULL, NULL, '10', '23', 'KT', NULL, NULL, NULL, '1', '1', NULL, '1', NULL, 'PURNA KARYA', NULL),
(231, '06890', NULL, '3319037112700131', 'JAMILATUN', 0, 'KUDUS', NULL, '0', NULL, '0', '0', NULL, NULL, NULL, 'PASURUAN KIDUL', 'KUDUS', NULL, NULL, NULL, '10', '60', 'BL', NULL, NULL, NULL, '1', '1', NULL, '1', NULL, NULL, NULL),
(232, '05684', NULL, NULL, 'SAHLI PURNOMO', 0, NULL, NULL, '0', NULL, '0', '0', NULL, NULL, NULL, NULL, NULL, NULL, NULL, NULL, '10', '37', 'BL', NULL, NULL, NULL, '1', '1', NULL, '1', NULL, NULL, NULL),
(233, '09725', NULL, NULL, 'DWI JOKO SULISTYO', 0, NULL, NULL, '0', NULL, '0', '0', NULL, NULL, NULL, NULL, NULL, NULL, NULL, NULL, '10', '15', 'BL', NULL, NULL, NULL, '1', '1', NULL, '1', NULL, NULL, NULL),
(234, '06882', NULL, '3319070910730003', 'ABDUL WAKHID', 0, 'KUDUS', NULL, '0', NULL, '0', '0', NULL, NULL, NULL, 'DS. KARANG BENER', 'KUDUS', NULL, NULL, NULL, '10', '34', 'BL', NULL, NULL, NULL, '1', '1', NULL, '1', NULL, NULL, NULL),
(235, '07132', NULL, '3319061506730013', 'TO''AT', 0, 'KUDUS', NULL, '0', NULL, '0', '0', NULL, NULL, NULL, '-', 'KUDUS', NULL, NULL, NULL, '10', '26', 'BL', NULL, NULL, NULL, '1', '1', NULL, '1', NULL, NULL, NULL),
(236, '09221', NULL, '3319030612710009', 'EDI MULJANTO', 0, 'KUDUS', NULL, '0', NULL, '0', '0', NULL, NULL, NULL, '-', 'KUDUS', NULL, NULL, NULL, '10', '38', 'BL', NULL, NULL, NULL, '1', '1', NULL, '1', NULL, NULL, NULL),
(237, '09973', NULL, NULL, 'NOOR YANTI', 1, NULL, NULL, '0', NULL, NULL, '0', NULL, NULL, NULL, NULL, NULL, NULL, NULL, NULL, '10', '4', 'OS', NULL, NULL, NULL, '1', '1', NULL, '1', NULL, NULL, NULL),
(238, '22222', NULL, NULL, 'NUR KAFIDIN', 0, NULL, NULL, '0', NULL, NULL, '0', 'SLTA', NULL, NULL, NULL, NULL, NULL, NULL, NULL, '10', '18', 'OS', NULL, NULL, NULL, '1', '1', NULL, '1', NULL, NULL, NULL),
(239, '09552', NULL, '3319036106770002', 'JASMINI', 0, 'KUDUS', NULL, '0', NULL, '0', '0', NULL, NULL, NULL, '-', 'KUDUS', NULL, NULL, NULL, '10', '48', 'BL', NULL, NULL, NULL, '1', '1', NULL, '1', NULL, NULL, NULL),
(240, '09230', NULL, '3319010503770002', 'SA`DUN', 0, 'KUDUS', NULL, '0', NULL, '0', '0', NULL, NULL, NULL, '-', 'KUDUS', NULL, NULL, NULL, '10', '7', 'BL', NULL, NULL, NULL, '1', '1', NULL, '1', NULL, NULL, NULL),
(241, '28915', NULL, NULL, 'ANTON SURIYONO', 0, NULL, NULL, '0', NULL, NULL, '0', NULL, NULL, NULL, NULL, NULL, NULL, NULL, NULL, '10', '61', 'OS', NULL, NULL, NULL, '1', '1', NULL, '1', NULL, NULL, NULL),
(242, '38915', NULL, NULL, 'ULIL AMRI', 0, NULL, NULL, '0', NULL, NULL, '0', NULL, NULL, NULL, NULL, NULL, NULL, NULL, NULL, '10', '61', 'OS', NULL, NULL, NULL, '1', '1', NULL, '1', NULL, NULL, NULL),
(243, '83621', NULL, NULL, 'FAIZATUR RIZKI FITRIANI', 1, NULL, NULL, '0', NULL, NULL, '0', NULL, NULL, NULL, NULL, NULL, NULL, NULL, NULL, '10', '4', 'OS', NULL, NULL, NULL, '1', '1', NULL, '1', NULL, NULL, NULL),
(244, '74393', NULL, NULL, 'WULAN MAHARDINA', 1, NULL, NULL, '0', NULL, NULL, '0', NULL, NULL, NULL, NULL, NULL, NULL, NULL, NULL, '10', '4', 'OS', NULL, NULL, NULL, '1', '1', NULL, '1', NULL, NULL, NULL),
(245, '09419', NULL, NULL, 'ENDANG P.A.', 1, NULL, NULL, '0', NULL, NULL, '0', NULL, NULL, NULL, NULL, NULL, NULL, NULL, NULL, '10', '4', 'OS', NULL, NULL, NULL, '1', '1', NULL, '1', NULL, NULL, NULL),
(246, '09983', NULL, NULL, 'ENY DWI SUPRIYANI', 1, NULL, NULL, '0', NULL, NULL, '0', NULL, NULL, NULL, NULL, NULL, NULL, NULL, NULL, '10', '4', 'OS', NULL, NULL, NULL, '1', '1', NULL, '1', NULL, NULL, NULL),
(247, '09982', NULL, NULL, 'KUSRIAH ', 1, NULL, NULL, '0', NULL, NULL, '0', NULL, NULL, NULL, NULL, NULL, NULL, NULL, NULL, '10', '4', 'OS', NULL, NULL, NULL, '1', '1', NULL, '1', NULL, NULL, NULL),
(248, '09978', NULL, NULL, 'NOOR SAIDAH', 1, NULL, NULL, '0', NULL, NULL, '0', NULL, NULL, NULL, NULL, NULL, NULL, NULL, NULL, '10', '4', 'OS', NULL, NULL, NULL, '1', '1', NULL, '1', NULL, NULL, NULL),
(249, '09868', NULL, NULL, 'RUBIAH', 1, NULL, NULL, '0', NULL, NULL, '0', NULL, NULL, NULL, NULL, NULL, NULL, NULL, NULL, '10', '4', 'OS', NULL, NULL, NULL, '1', '1', NULL, '1', NULL, NULL, NULL),
(250, '09970', NULL, NULL, 'SITI UMI HANIK', 1, NULL, NULL, '0', NULL, NULL, '0', NULL, NULL, NULL, NULL, NULL, NULL, NULL, NULL, '10', '4', 'OS', NULL, NULL, NULL, '1', '1', NULL, '1', NULL, NULL, NULL),
(251, '98815', NULL, NULL, 'HERI SUSANTO', 0, NULL, NULL, '0', NULL, NULL, '0', NULL, NULL, NULL, NULL, NULL, NULL, NULL, NULL, '10', '61', 'OS', NULL, NULL, NULL, '1', '1', NULL, '1', NULL, NULL, NULL),
(252, '10017', NULL, '3319022909740003', 'BOWO SETIANTO', 0, 'SLEMAN', NULL, '0', NULL, NULL, '0', NULL, NULL, NULL, 'JL. GANESHA IV', 'KUDUS', NULL, NULL, NULL, '2', '23', 'BL', NULL, NULL, NULL, '1', '1', NULL, '1', NULL, NULL, NULL),
(253, '29971', NULL, NULL, 'STEVANUS PRATAMA S', 0, NULL, NULL, '0', NULL, NULL, '1', NULL, NULL, NULL, NULL, NULL, NULL, NULL, NULL, '10', '61', 'OS', NULL, NULL, NULL, '1', '1', NULL, '1', NULL, NULL, NULL),
(254, '30971', NULL, NULL, 'ERFAN BASTIAN', 0, NULL, NULL, '0', NULL, NULL, '0', NULL, NULL, NULL, NULL, NULL, NULL, NULL, NULL, '10', '61', 'OS', NULL, NULL, NULL, '1', '1', NULL, '1', NULL, NULL, NULL),
(255, '11807', NULL, '3372036701870001', 'BERTYN KRISTINA WIJAYA', 1, 'SURAKARTA', NULL, '0', NULL, NULL, '1', NULL, NULL, NULL, '-', 'SURAKARTA', NULL, NULL, NULL, '10', '42', 'BL', NULL, NULL, NULL, '1', '1', NULL, '1', NULL, NULL, NULL),
(256, '11808', NULL, '3327081705860105', 'LEFRAN ALFRED TOHEA', 0, 'REMBANG', NULL, '0', NULL, NULL, '1', NULL, NULL, NULL, 'KUTILANG NO. 39 A', 'KUDUS', NULL, NULL, NULL, '3', '42', 'BL', NULL, NULL, NULL, '1', '1', NULL, '1', NULL, NULL, NULL),
(257, '92578', NULL, '331903210693005', 'CHANDRA AJI WIJAYA', 0, 'KUDUS', NULL, '0', NULL, NULL, '0', NULL, NULL, NULL, '-', 'KUDUS', NULL, NULL, NULL, '10', '46', 'KT', NULL, NULL, NULL, '1', '1', NULL, '1', NULL, NULL, NULL),
(258, '03736', NULL, '3319051812680003', 'ZAZURI', 0, 'KUDUS', NULL, '0', NULL, NULL, '0', NULL, NULL, NULL, '-', 'KUDUS', NULL, NULL, NULL, '10', '47', 'BL', NULL, NULL, NULL, '1', '1', NULL, '1', NULL, NULL, NULL),
(259, '10713', NULL, '3471012302700003', 'PETRUS HENRI NUR \nTRISNAPUTRA', 0, 'YOGYAKARTA', NULL, '0', NULL, NULL, '2', NULL, NULL, NULL, '-', 'KUDUS', NULL, NULL, NULL, '3', '24', 'BL', NULL, NULL, NULL, '1', '1', NULL, '1', NULL, NULL, NULL),
(260, '10970', NULL, '3319022803790002', 'EMANUEL VANY PRASETYA \nHADI', 0, 'SOLO', NULL, '0', NULL, NULL, '1', NULL, NULL, NULL, 'MAYOR KUSMANTO NO. 3', 'KUDUS', NULL, NULL, NULL, '3', '50', 'BL', NULL, NULL, NULL, '1', '1', NULL, '1', NULL, NULL, NULL),
(261, '11825', NULL, NULL, 'Vincent Herlando Sutanto', 0, 'Semarang', NULL, NULL, NULL, NULL, NULL, NULL, NULL, NULL, NULL, 'Semarang', NULL, NULL, NULL, '6', '50', 'KT', NULL, NULL, NULL, '1', '1', NULL, '1', NULL, NULL, NULL),
(262, '92164', NULL, NULL, 'ARI USTAFIAN', 0, NULL, NULL, '0', NULL, NULL, '0', NULL, NULL, NULL, NULL, NULL, NULL, NULL, NULL, '10', '54', 'KT', NULL, NULL, NULL, '1', '1', NULL, '1', NULL, NULL, NULL),
(263, '08249', NULL, '3319071409690001', 'BAMBANG HANDOKO', 0, 'BOJONEGORO', NULL, '0', NULL, NULL, '1', NULL, NULL, NULL, 'PERUM MURIA INDAH BLOK G \nNO. 660', 'KUDUS', NULL, NULL, NULL, '10', '55', 'BL', NULL, NULL, NULL, '1', '1', NULL, '1', NULL, NULL, NULL),
(264, '11461', NULL, '334082701640004', 'RIWI HARYONO', 0, 'SUKOHARJO', NULL, '0', NULL, NULL, '1', NULL, NULL, NULL, 'JL BOUGENVILE III BLOK \nD4/3A', 'SEMARANG', NULL, NULL, NULL, '2', '55', 'BL', NULL, NULL, NULL, '1', '1', NULL, '1', NULL, NULL, NULL),
(265, '08380', NULL, '3319046312690002', 'ULYA USFAH', 1, 'KUDUS', NULL, '0', NULL, NULL, '0', NULL, NULL, NULL, '-', 'KUDUS', NULL, NULL, NULL, '10', '56', 'BL', NULL, NULL, NULL, '1', '1', NULL, '1', NULL, NULL, NULL),
(266, '92577', NULL, '3319022503850003', 'MUCH ANDI FAHMAWAN', 0, 'KUDUS', NULL, '0', NULL, NULL, '0', NULL, NULL, NULL, 'KHM ARWANI AMIN NO. 53', 'KUDUS', NULL, NULL, NULL, '10', '57', 'KT', NULL, NULL, NULL, '1', '1', NULL, '1', NULL, NULL, NULL),
(267, '92579', NULL, '3319042607840002', 'ACHMAD RIFAI', 0, 'KUDUS', NULL, '0', NULL, NULL, '0', NULL, NULL, NULL, '-', 'KUDUS', NULL, NULL, NULL, '10', '26', 'KT', NULL, NULL, NULL, '1', '1', NULL, '1', NULL, NULL, NULL),
(268, '10051', NULL, '3319023103740006', 'ALF. HENDRO PRASETYO', 0, 'AMBARAWA', NULL, '0', NULL, NULL, '2', NULL, NULL, NULL, 'GANESHA I/57 A', 'KUDUS', NULL, NULL, NULL, '1', '55', 'BL', NULL, NULL, NULL, '1', '1', NULL, '1', NULL, NULL, NULL),
(269, '10329', NULL, '3321011702720003', 'DANUNG TRI YUDA K', 0, 'MADIUN', NULL, '0', NULL, '0', '0', NULL, NULL, NULL, 'PUCANG ADI 2/22 PERUM PUCANG \nGADING', 'DEMAK', NULL, NULL, NULL, '2', '55', 'BL', NULL, NULL, NULL, '1', '1', NULL, '1', NULL, NULL, NULL),
(270, '92983', NULL, NULL, 'SULISTYOWATI', NULL, NULL, NULL, '0', NULL, NULL, '0', NULL, NULL, NULL, NULL, NULL, NULL, NULL, NULL, '10', '1', 'KT', NULL, NULL, NULL, '1', '1', NULL, '1', NULL, NULL, NULL),
(271, '92972', NULL, NULL, 'NOOR SAIDAH', NULL, NULL, NULL, '0', NULL, NULL, '0', NULL, NULL, NULL, NULL, NULL, NULL, NULL, NULL, '10', '3', 'HL', NULL, NULL, NULL, '1', '1', NULL, '1', NULL, NULL, NULL),
(272, '92994', NULL, NULL, 'ZUNI SISWATI', NULL, NULL, NULL, '0', NULL, NULL, '0', NULL, NULL, NULL, NULL, NULL, NULL, NULL, NULL, '10', '3', 'HL', NULL, NULL, NULL, '1', '1', NULL, '1', NULL, NULL, NULL),
(273, '92975', NULL, NULL, 'RUBI''AH', NULL, NULL, NULL, '0', NULL, NULL, '0', NULL, NULL, NULL, NULL, NULL, NULL, NULL, NULL, '10', '3', 'HL', NULL, NULL, NULL, '1', '1', NULL, '1', NULL, NULL, NULL),
(274, '11897', NULL, NULL, 'ADITYA NUR MUSTAFA', 0, NULL, NULL, '0', NULL, NULL, '0', NULL, NULL, NULL, NULL, NULL, NULL, NULL, NULL, '10', '61', 'OS', NULL, NULL, NULL, '1', '1', NULL, '1', NULL, NULL, NULL),
(275, '92967', NULL, NULL, 'MARIA ULFA', NULL, NULL, NULL, '0', NULL, NULL, '0', NULL, NULL, NULL, NULL, NULL, NULL, NULL, NULL, '10', '3', 'HL', NULL, NULL, NULL, '1', '1', NULL, '1', NULL, NULL, NULL),
(276, '92966', NULL, NULL, 'LIBKHATI', NULL, NULL, NULL, '0', NULL, NULL, '0', NULL, NULL, NULL, NULL, NULL, NULL, NULL, NULL, '10', '3', 'HL', NULL, NULL, NULL, '1', '1', NULL, '1', NULL, NULL, NULL),
(277, '19116', NULL, NULL, 'ADITYA YULIAR PRAKOSO', NULL, NULL, NULL, '0', NULL, NULL, '0', NULL, NULL, NULL, NULL, NULL, NULL, NULL, NULL, '10', '61', 'OS', NULL, NULL, NULL, '1', '1', NULL, '1', NULL, NULL, NULL),
(278, '08209', NULL, '3319031707740003', 'MUNADI', 0, 'KUDUS', NULL, '0', NULL, '0', '0', NULL, NULL, NULL, '-', 'KUDUS', NULL, NULL, NULL, '10', '2', 'BL', NULL, NULL, NULL, '1', '1', NULL, '1', NULL, NULL, NULL),
(279, '08643', NULL, '3319061012750001', 'MUSTARI', 0, 'KUDUS', NULL, '0', NULL, '0', '0', NULL, NULL, NULL, '-', 'KUDUS', NULL, NULL, NULL, '10', '10', 'BL', NULL, NULL, NULL, '1', '1', NULL, '1', NULL, NULL, NULL),
(280, '08009', NULL, '3319054506730001', 'NGATIKAH', 1, 'KUDUS', NULL, '0', NULL, NULL, '0', NULL, NULL, NULL, 'GOLAN TEPUS RT 03 RW 06  \nMEJOBO', 'KUDUS', NULL, NULL, NULL, '6', '33', 'BL', NULL, NULL, NULL, '1', '1', NULL, '1', NULL, NULL, NULL),
(281, '08208', NULL, '3319030912700003', 'NOOR ROHMAD', 0, 'KUDUS', NULL, '0', NULL, '0', '0', NULL, NULL, NULL, '-', 'KUDUS', NULL, NULL, NULL, '10', '60', 'BL', NULL, NULL, NULL, '1', '1', NULL, '1', NULL, NULL, NULL),
(282, '08376', NULL, '3319031209740004', 'NOOR RUKHAENI', 0, 'KUDUS', NULL, '0', NULL, '0', '0', NULL, NULL, NULL, 'R AGIL KUSUMADYA', 'KUDUS', NULL, NULL, NULL, '10', '58', 'BL', NULL, NULL, NULL, '1', '1', NULL, '1', NULL, NULL, NULL),
(283, '07876', NULL, '3319022905730001', 'NOR KHAMID', 0, 'KUDUS', NULL, '0', NULL, '0', '0', NULL, NULL, NULL, 'SUMUR TULAK', 'KUDUS', NULL, NULL, NULL, '10', '60', 'BL', NULL, NULL, NULL, '1', '1', NULL, '1', NULL, 'PHK', NULL),
(284, '09100', NULL, '3319037012770001', 'NUR NIKMAH', 0, 'KUDUS', NULL, '0', NULL, '0', '0', NULL, NULL, NULL, '-', 'KUDUS', NULL, NULL, NULL, '10', '55', 'BL', NULL, NULL, NULL, '1', '1', NULL, '1', NULL, NULL, NULL),
(285, '00327', NULL, '3319030703660001', 'PRAMONO', 0, 'KUDUS', NULL, '0', NULL, '0', '0', NULL, NULL, NULL, 'ONTOSENO', 'KUDUS', NULL, NULL, NULL, '10', '20', 'BL', NULL, NULL, NULL, '1', '1', NULL, '1', NULL, NULL, NULL),
(286, '93363', NULL, '5271034103920001', 'RINDYANTIKA MARGAWATI', 1, 'PRAYA', NULL, '0', NULL, NULL, '0', NULL, NULL, NULL, 'BTN SEGANTENG INDAH \nA.14', 'MATARAM', NULL, NULL, NULL, '10', '54', 'KT', NULL, NULL, NULL, '1', '1', NULL, '1', NULL, NULL, NULL),
(287, '04330', NULL, '3319024803630003', 'RIYAYATI', 0, 'KUDUS', NULL, '0', NULL, '0', '0', NULL, NULL, NULL, 'GOR WERGU WETAN', 'KUDUS', NULL, NULL, NULL, '10', '56', 'BL', NULL, NULL, NULL, '1', '1', NULL, '1', NULL, 'Purna Karya', NULL),
(288, '07746', NULL, '3319032002740001', 'RUSMAN', 0, 'KUDUS', NULL, '0', NULL, NULL, '0', NULL, NULL, NULL, '-', 'KUDUS', NULL, NULL, NULL, '10', '44', 'BL', NULL, NULL, NULL, '1', '1', NULL, '1', NULL, NULL, NULL),
(289, '06770', NULL, '3318101206700035', 'SLAMET JUNAEDI', 0, 'KUDUS', NULL, '0', NULL, '0', '0', NULL, NULL, NULL, 'DUKUH PONDOHAN', 'PATI', NULL, NULL, NULL, '10', '58', 'BL', NULL, NULL, NULL, '1', '1', NULL, '1', NULL, NULL, NULL),
(290, '07902', NULL, '3319022004770010', 'SONY PURWADI', 0, 'KUDUS', NULL, '0', NULL, '0', '0', NULL, NULL, NULL, '-', 'KUDUS', NULL, NULL, NULL, '6', '24', 'BL', NULL, NULL, NULL, '1', '1', NULL, '1', NULL, NULL, NULL),
(291, '09278', NULL, '3319034701710004', 'SUDARMI ', 0, 'JEPARA', NULL, '0', NULL, '0', '0', NULL, NULL, NULL, 'R. AGIL KUSUMADYA NO 224', 'KUDUS', NULL, NULL, NULL, '10', '56', 'BL', NULL, NULL, NULL, '1', '1', NULL, '1', NULL, NULL, NULL),
(292, '10730', NULL, '3319021712770003', 'SUDARSONO', 0, 'KUDUS', NULL, '0', NULL, '0', '1', NULL, NULL, NULL, '-', 'KUDUS', NULL, NULL, NULL, '10', '34', 'BL', NULL, NULL, NULL, '1', '1', NULL, '1', NULL, NULL, NULL),
(293, '92965', NULL, NULL, 'KUSRIAH', NULL, NULL, NULL, '0', NULL, NULL, '0', NULL, NULL, NULL, NULL, NULL, NULL, NULL, NULL, '10', '3', 'HL', NULL, NULL, NULL, '1', '1', NULL, '1', NULL, NULL, NULL),
(294, '93429', NULL, '3319072210940001', 'SETYANINGSIH', 1, 'PATI', NULL, '0', NULL, NULL, '0', NULL, NULL, NULL, 'TRANGKIL', 'PATI', NULL, NULL, NULL, '10', '55', 'KT', NULL, NULL, NULL, '1', '1', NULL, '1', NULL, NULL, NULL),
(295, '08645', NULL, '3319062808720003', 'SUDOMO', 0, 'KUDUS', NULL, '0', NULL, '0', '0', NULL, NULL, NULL, 'AL MAKMUR', 'KUDUS', NULL, NULL, NULL, '10', '52', 'BL', NULL, NULL, NULL, '1', '1', NULL, '1', NULL, NULL, NULL),
(296, '92576', NULL, '331903250319940006', 'ADI RAKA WIDYATAMA', 0, 'KUDUS', NULL, '0', NULL, NULL, '0', NULL, NULL, NULL, 'MAYOR BASUNO', 'KUDUS', NULL, NULL, NULL, '10', '58', 'KT', NULL, NULL, NULL, '1', '1', NULL, '1', NULL, NULL, NULL),
(297, '11667', NULL, '3322082202840004', 'HARIS WISNU WIJANARKO', 0, 'KAB. SEMARANG', NULL, '0', NULL, NULL, '0', NULL, NULL, NULL, '-', 'SEMARANG/AMBARAWA', NULL, NULL, NULL, '10', '59', 'BL', NULL, NULL, NULL, '1', '1', NULL, '1', NULL, NULL, NULL),
(298, '06379', NULL, '3319030501760002', 'BUDIYONO', 0, 'KUDUS', NULL, '0', NULL, NULL, '0', NULL, NULL, NULL, 'AKBP R AGIL KUSUMADYA', 'KUDUS', NULL, NULL, NULL, '10', '60', 'BL', NULL, NULL, NULL, '1', '1', NULL, '1', NULL, NULL, NULL),
(299, '08017', NULL, '3319061401750001', 'CHOLID MUCHOYYAR', 0, 'KUDUS', NULL, '0', NULL, NULL, '0', NULL, NULL, NULL, 'KRAWANG COLO', 'KUDUS', NULL, NULL, NULL, '10', '10', 'BL', NULL, NULL, NULL, '1', '1', NULL, '1', NULL, NULL, NULL),
(300, '05696', NULL, '3319032212710001', 'SUPARDJO', 0, 'KUDUS', NULL, '0', NULL, '0', '0', NULL, NULL, NULL, '-', 'KUDUS', NULL, NULL, NULL, '10', '58', 'BL', NULL, NULL, NULL, '1', '1', NULL, '1', NULL, NULL, NULL),
(301, '08002', NULL, '3319024201720004', 'SURYATI', 1, 'KUDUS', NULL, '0', NULL, '0', '0', NULL, NULL, NULL, 'SATRIA', 'KUDUS', NULL, NULL, NULL, '10', '55', 'BL', NULL, NULL, NULL, '1', '1', NULL, '1', NULL, NULL, NULL),
(302, '09968', NULL, '331965011790004', 'SUSTYANINGTYAS', 0, 'KUDUS', NULL, '0', NULL, '0', '0', NULL, NULL, NULL, '-', 'KUDUS', NULL, NULL, NULL, '10', '21', 'BL', NULL, NULL, NULL, '1', '1', NULL, '1', NULL, NULL, NULL),
(303, '05594', NULL, '3319031003670002', 'SUTONO', 0, 'KUDUS', NULL, '0', NULL, '0', '0', NULL, NULL, NULL, 'RAYA GETAS PEJATEN NO 31', 'KUDUS', NULL, NULL, NULL, '6', '44', 'BL', NULL, NULL, NULL, '1', '1', NULL, '1', NULL, NULL, NULL),
(304, '04436', NULL, '3319070907670003', 'SUTRASNO', 0, 'KUDUS', NULL, '0', NULL, '0', '0', NULL, NULL, NULL, 'KAPTEN ALI MAHMUDI', 'KUDUS', NULL, NULL, NULL, '10', '10', 'BL', NULL, NULL, NULL, '1', '1', NULL, '1', NULL, NULL, NULL),
(305, '08375', NULL, '3319041307730006', 'TEMON', 0, 'KUDUS', NULL, '0', NULL, '0', '0', NULL, NULL, NULL, 'PURWODADI 14 KM', 'KUDUS', NULL, NULL, NULL, '10', '58', 'BL', NULL, NULL, NULL, '1', '1', NULL, '1', NULL, NULL, NULL),
(306, '08438', NULL, '3319050404760001', 'YAHYA MUHALIMIN', 0, 'KUDUS', NULL, '0', NULL, '0', '0', NULL, NULL, NULL, 'TEMULUS GANG MAWAR II', 'KUDUS', NULL, NULL, NULL, '10', '57', 'BL', NULL, NULL, NULL, '1', '1', NULL, '1', NULL, NULL, NULL),
(307, '89116', NULL, NULL, 'ADITYA YULIAR PRAKOSO', NULL, NULL, NULL, '0', NULL, NULL, '0', NULL, NULL, NULL, NULL, NULL, NULL, NULL, NULL, '10', '61', 'OS', NULL, NULL, NULL, '1', '1', NULL, '1', NULL, NULL, NULL),
(308, '93742', NULL, '3374132812910001', 'RIZALDI HABIBIE', NULL, 'SEMARANG', NULL, '0', NULL, NULL, '0', 'S1', NULL, NULL, 'TAMAN SRI KUNCORO 1/3 \nSMG', 'SEMARANG', NULL, NULL, NULL, '6', '50', 'KT', NULL, NULL, NULL, '1', '1', NULL, '1', NULL, NULL, NULL),
(309, '10616', NULL, NULL, 'SUTRIYONO', NULL, NULL, NULL, '0', NULL, NULL, '0', NULL, NULL, NULL, NULL, NULL, NULL, NULL, NULL, '10', '25', 'OS', NULL, NULL, NULL, '1', '1', NULL, '1', NULL, NULL, NULL),
(310, '68816', NULL, NULL, 'ENNY ROCHMANIYAH', NULL, 'Kudus', NULL, '2', NULL, NULL, '0', 'SMK', 'Kimia', NULL, 'Jati Kulon Rt 03/06 \nJati Kudus', 'Kudus', NULL, NULL, NULL, '10', '61', 'OS', NULL, NULL, NULL, '1', '1', NULL, '1', NULL, NULL, NULL),
(311, '00017', NULL, NULL, 'ARI INDRA CAHYA', NULL, NULL, NULL, '0', NULL, NULL, '0', NULL, NULL, NULL, NULL, NULL, NULL, NULL, NULL, '10', '3', 'HL', NULL, NULL, NULL, '1', '1', NULL, '1', NULL, NULL, NULL),
(312, '00018', NULL, NULL, 'SEPTYAN BP', NULL, NULL, NULL, '0', NULL, NULL, '0', NULL, NULL, NULL, NULL, NULL, NULL, NULL, NULL, '10', '3', 'HL', NULL, NULL, NULL, '1', '1', NULL, '1', NULL, NULL, NULL),
(313, '00019', NULL, NULL, 'IRAWAN SUSANTO', NULL, NULL, NULL, '0', NULL, NULL, '0', NULL, NULL, NULL, NULL, NULL, NULL, NULL, NULL, '10', '3', 'HL', NULL, NULL, NULL, '1', '1', NULL, '1', NULL, NULL, NULL),
(314, '93887', NULL, '3320095107920002', 'ANIES PRATIWI', NULL, 'JEPARA', NULL, '0', NULL, NULL, '0', 'S1', NULL, '710743717-516.000', 'KARAGAN \n13/4 TUNAHAN KELING ', 'JEPARA', NULL, NULL, NULL, '3', '56', 'KT', NULL, NULL, NULL, '1', '1', NULL, '1', NULL, NULL, NULL),
(315, '89715', '00389715', '3319022503970001', 'RAGIL ADITIYA', NULL, NULL, NULL, '0', NULL, NULL, '0', 'SMK', NULL, NULL, NULL, NULL, NULL, NULL, NULL, '10', '61', 'OS', NULL, NULL, NULL, '1', '1', NULL, '1', NULL, NULL, NULL),
(316, '99816', NULL, NULL, 'ANDRI KURNIAWAN', NULL, 'KUDUS', NULL, '0', NULL, NULL, '0', 'SLTA', NULL, NULL, 'REJOSARI  RT I/ V DAWE \n', 'KUDUS', NULL, NULL, NULL, '10', '61', 'OS', NULL, NULL, NULL, '1', '1', NULL, '1', NULL, NULL, NULL),
(317, '73303', NULL, NULL, 'DINA DWI JAYANTI', NULL, 'KUDUS', NULL, '0', NULL, NULL, '0', 'SLTA', NULL, NULL, NULL, NULL, NULL, NULL, NULL, '10', '4', 'OS', NULL, NULL, NULL, '1', '1', NULL, '1', NULL, NULL, NULL),
(318, '79617', '0079617', NULL, 'DIDIK RUBIANTO', NULL, NULL, NULL, '0', NULL, NULL, '0', 'SMK', NULL, NULL, NULL, NULL, NULL, NULL, NULL, '10', '61', 'OS', NULL, NULL, NULL, '1', '1', NULL, '1', NULL, NULL, NULL),
(319, '89671', NULL, NULL, 'MOHAMAD SYAMSUL HADI', NULL, 'KUDUS', NULL, '0', NULL, NULL, '0', 'SMK', NULL, NULL, 'PRAMBATAN LOR 5/3 ', 'KOTA', NULL, NULL, NULL, '10', '61', 'OS', NULL, NULL, NULL, '1', '1', NULL, '1', NULL, NULL, NULL),
(320, '33998', NULL, NULL, 'DWI MARKUS JULIANTO', NULL, 'KUDUS', NULL, '0', NULL, NULL, '0', NULL, NULL, NULL, NULL, NULL, NULL, NULL, NULL, '10', '61', 'OS', NULL, NULL, NULL, '1', '1', NULL, '1', NULL, NULL, NULL),
(321, '93980', NULL, NULL, 'ERWIN HERMAWAN', NULL, 'CILACAP', NULL, '0', NULL, NULL, '0', 'S1', NULL, NULL, NULL, NULL, NULL, NULL, NULL, '3', '63', 'KT', NULL, NULL, NULL, '1', '1', NULL, '1', NULL, NULL, NULL),
(322, '11932', NULL, '3510020207920003', 'TRI WAHYU SANTOSO', NULL, 'BANYUWANGI', NULL, '0', NULL, NULL, '0', NULL, NULL, NULL, 'KEDUNGREJO', 'BANYUWANGI', NULL, NULL, NULL, '10', '63', 'BL', NULL, NULL, NULL, '1', '1', NULL, '1', NULL, 'MENINGGAL DUNIA', NULL),
(323, '93941', NULL, NULL, 'LINGGAR ARDI YUDHANTO', NULL, 'KUDUS', NULL, '0', NULL, NULL, '0', 'S1', NULL, NULL, 'LORAM WETAN 2/3 JATI ', 'JATI', NULL, NULL, NULL, '4', '59', 'KT', NULL, NULL, NULL, '1', '1', NULL, '1', NULL, NULL, NULL),
(324, 'OS-018060', NULL, '3319030608970005', 'MOHAMMAD ABDUL SHOLEH', NULL, NULL, NULL, '0', NULL, NULL, '0', NULL, NULL, NULL, 'PASURUHAN LOR RT 01/12 JATI KUDUS', NULL, NULL, NULL, NULL, '10', '25', 'OS', NULL, NULL, NULL, '1', '1', NULL, '1', NULL, NULL, NULL),
(325, '21498', NULL, NULL, 'SYAHRUL FIRMAN HIDAYAT', NULL, NULL, NULL, '0', NULL, NULL, '0', NULL, NULL, NULL, NULL, NULL, NULL, NULL, NULL, '10', '25', 'OS', NULL, NULL, NULL, '1', '1', NULL, '1', NULL, NULL, NULL),
(326, '18717', NULL, NULL, 'FIRMAN KURNIAWAN SYAH', NULL, 'KUDUS', NULL, '0', NULL, NULL, '0', 'SMK', NULL, NULL, 'GETAS PEJATEN', NULL, NULL, NULL, NULL, '10', '61', 'OS', NULL, NULL, NULL, '1', '1', NULL, '1', NULL, NULL, NULL),
(327, '89617', NULL, NULL, 'MOHAMAD SYAMSUL HADI', NULL, 'KUDUS', NULL, '0', NULL, NULL, '0', 'SMK', NULL, NULL, 'PRAMBATAN LOR 5/3 ', 'KOTA', NULL, NULL, NULL, '10', '61', 'OS', NULL, NULL, NULL, '1', '1', NULL, '1', NULL, NULL, NULL),
(328, '59516', NULL, '33190061812950001', 'ABDULLAH IBNU HASAN', NULL, NULL, NULL, '0', NULL, NULL, '0', 'SMK', NULL, NULL, NULL, NULL, NULL, NULL, NULL, '10', '61', 'OS', NULL, NULL, NULL, '1', '1', NULL, '1', NULL, NULL, NULL),
(329, '49816', NULL, NULL, 'RIKI BAGUS ADI SAPUTRO', NULL, NULL, NULL, '0', NULL, NULL, '0', NULL, NULL, NULL, NULL, NULL, NULL, NULL, NULL, '10', '61', 'OS', NULL, NULL, NULL, '1', '1', NULL, '1', NULL, NULL, NULL),
(330, '79316', NULL, NULL, 'AKHMAD YUSUP', NULL, NULL, NULL, '0', NULL, NULL, '0', 'SMK', NULL, NULL, NULL, NULL, NULL, NULL, NULL, '10', '61', 'OS', NULL, NULL, NULL, '1', '1', NULL, '1', NULL, NULL, NULL),
(331, '00027', NULL, NULL, 'SLAMET SUSANTO', NULL, NULL, NULL, '0', NULL, NULL, '0', NULL, NULL, NULL, NULL, NULL, NULL, NULL, NULL, '10', '3', 'HL', NULL, NULL, NULL, '1', '1', NULL, '1', NULL, NULL, NULL),
(332, '89016', NULL, '3319060204900002', 'AFAS RAMDAN', NULL, NULL, NULL, '0', NULL, NULL, '0', 'SMK', NULL, NULL, NULL, NULL, NULL, NULL, NULL, '10', '61', 'OS', NULL, NULL, NULL, '1', '1', NULL, '1', NULL, NULL, NULL),
(333, '93997', NULL, NULL, 'JUMADI', NULL, 'SUKOHARJO', NULL, '0', NULL, NULL, '0', 'S1', NULL, NULL, NULL, NULL, NULL, NULL, NULL, '7', '48', 'KT', NULL, NULL, NULL, '1', '1', NULL, '1', NULL, NULL, NULL),
(334, '79117', NULL, '3319094507910002', 'YULIS DIANA SARI', NULL, 'KUDUS', NULL, '0', NULL, NULL, '0', 'S1', NULL, NULL, NULL, NULL, NULL, NULL, NULL, '10', '61', 'OS', NULL, NULL, NULL, '1', '1', NULL, '1', NULL, NULL, NULL),
(335, '49717', NULL, '3319031707970001', 'MUHAMAD BAGUS DWI KURNIA', NULL, 'KUDUS', NULL, '0', NULL, NULL, '0', 'SMK', NULL, NULL, NULL, NULL, NULL, NULL, NULL, '10', '61', 'OS', NULL, NULL, NULL, '1', '1', NULL, '1', NULL, NULL, NULL),
(336, '00023', NULL, NULL, 'BAMBANG SURONDO', NULL, NULL, NULL, '0', NULL, NULL, '0', NULL, NULL, NULL, NULL, NULL, NULL, NULL, NULL, '10', '3', 'HL', NULL, NULL, NULL, '1', '1', NULL, '1', NULL, NULL, NULL),
(337, '00025', NULL, NULL, 'SUNARDI', NULL, NULL, NULL, '0', NULL, NULL, '0', NULL, NULL, NULL, NULL, NULL, NULL, NULL, NULL, '10', '3', 'HL', NULL, NULL, NULL, '1', '1', NULL, '1', NULL, NULL, NULL),
(338, '00026', NULL, NULL, 'SUNARDI', NULL, NULL, NULL, '0', NULL, NULL, '0', NULL, NULL, NULL, NULL, NULL, NULL, NULL, NULL, '10', '3', 'HL', NULL, NULL, NULL, '1', '1', NULL, '1', NULL, NULL, NULL),
(339, '67991', NULL, '3319061611990002', 'RIFKI OVTA PIANUS', NULL, 'KUDUS', NULL, '0', NULL, NULL, '0', 'SMK', NULL, NULL, 'BULUNG KULON RT04/01 ', 'KUDUS', NULL, NULL, NULL, '10', '61', 'OS', NULL, NULL, NULL, '1', '1', NULL, '1', NULL, NULL, NULL),
(340, '27961', NULL, '332192002960002', 'MUCHAMMAD CHOERUL NIZAM \nRIYADI', NULL, 'DEMAK', NULL, '0', NULL, NULL, '0', 'SMA', NULL, NULL, 'WONOREJO 3/3 \nKARANGANJAR', 'DEMAK', NULL, NULL, NULL, '10', '61', 'OS', NULL, NULL, NULL, '1', '1', NULL, '1', NULL, NULL, NULL),
(341, '1', NULL, NULL, 'programmer', NULL, NULL, NULL, NULL, NULL, NULL, NULL, NULL, NULL, NULL, NULL, NULL, NULL, NULL, NULL, '10', '50', NULL, NULL, NULL, NULL, '1', '1', NULL, '1', NULL, NULL, NULL),
(342, '2', NULL, NULL, 'admin reward', NULL, NULL, NULL, NULL, NULL, NULL, NULL, NULL, NULL, NULL, NULL, NULL, NULL, NULL, NULL, '10', '50', NULL, NULL, NULL, NULL, '1', '1', NULL, '1', NULL, NULL, NULL),
(343, '83851', '83851', NULL, 'NILA ANDRIANI', 1, NULL, NULL, NULL, NULL, NULL, NULL, NULL, NULL, NULL, NULL, NULL, NULL, NULL, NULL, '10', '61', NULL, NULL, NULL, NULL, '1', '1', NULL, '1', NULL, NULL, NULL),
(344, '83084', '83084', NULL, 'ULFIA RAHMADIA', 1, NULL, NULL, NULL, NULL, NULL, NULL, NULL, NULL, NULL, NULL, NULL, NULL, NULL, NULL, '10', '61', NULL, NULL, NULL, NULL, '1', '1', NULL, '1', NULL, NULL, NULL),
(345, '92991', '92991', NULL, 'ZULAEKAH', 1, NULL, NULL, NULL, NULL, NULL, NULL, NULL, NULL, NULL, NULL, NULL, NULL, NULL, NULL, '10', '44', NULL, NULL, NULL, NULL, '1', '1', NULL, '1', NULL, NULL, NULL),
(346, '94093', NULL, NULL, 'HAJAR MALAGHAWA', 0, NULL, NULL, NULL, NULL, NULL, NULL, NULL, NULL, NULL, NULL, 'JEPARA', NULL, NULL, NULL, '4', '55', NULL, NULL, NULL, NULL, '1', '1', NULL, '1', NULL, NULL, NULL),
(347, '92989', NULL, NULL, 'YANNAH', 1, NULL, NULL, NULL, NULL, NULL, NULL, NULL, NULL, NULL, NULL, NULL, NULL, NULL, NULL, '10', '44', NULL, NULL, NULL, NULL, '1', '1', NULL, '1', NULL, NULL, NULL),
(348, '76211', '76211', NULL, 'SULASIH', 1, NULL, NULL, NULL, NULL, NULL, NULL, NULL, NULL, NULL, NULL, NULL, NULL, NULL, NULL, '10', '44', NULL, NULL, NULL, NULL, '1', '1', NULL, '1', NULL, NULL, NULL),
(349, '93268', '93268', NULL, 'AFRIDA NOOR AZIZAH', 1, NULL, NULL, NULL, NULL, NULL, NULL, NULL, NULL, NULL, NULL, NULL, NULL, NULL, NULL, '10', '55', NULL, NULL, NULL, NULL, '1', '1', NULL, '1', NULL, NULL, NULL),
(350, '', NULL, NULL, 'Admin Handal', NULL, NULL, NULL, NULL, NULL, NULL, NULL, NULL, NULL, NULL, NULL, NULL, NULL, NULL, NULL, NULL, NULL, NULL, NULL, NULL, NULL, NULL, NULL, NULL, NULL, NULL, NULL, NULL);

-- --------------------------------------------------------

--
-- Table structure for table `kategori`
--

CREATE TABLE IF NOT EXISTS `kategori` (
  `id_kategori` int(11) NOT NULL AUTO_INCREMENT,
  `nama_kategori` varchar(50) DEFAULT NULL,
  `status` enum('AKTIF','NON AKTIF') DEFAULT NULL,
  PRIMARY KEY (`id_kategori`)
) ENGINE=MyISAM  DEFAULT CHARSET=latin1 AUTO_INCREMENT=9 ;

--
-- Dumping data for table `kategori`
--

INSERT INTO `kategori` (`id_kategori`, `nama_kategori`, `status`) VALUES
(1, 'Keterlambatan & Absensi', 'AKTIF'),
(2, '5R', 'AKTIF'),
(3, 'SMK3', 'AKTIF'),
(4, 'SMP', 'AKTIF'),
(5, 'Kedisiplinan', 'AKTIF'),
(7, 'Test Update', 'NON AKTIF');

-- --------------------------------------------------------

--
-- Table structure for table `lean`
--

CREATE TABLE IF NOT EXISTS `lean` (
  `id_lean` int(11) NOT NULL AUTO_INCREMENT,
  `judul` varchar(100) DEFAULT NULL,
  `tanggal_pengajuan` date DEFAULT NULL,
  `nominal_reward` bigint(20) DEFAULT NULL,
  `tanggal_penyerahan_reward` date DEFAULT NULL,
  `nik` varchar(20) DEFAULT NULL,
  `nik_admin` varchar(20) DEFAULT NULL,
  `level_reward` enum('PENGAJUAN','DIPERTIMBANGKAN','MENJADI PROGRAM','TEREALISASI') DEFAULT NULL,
  KEY `id_lean` (`id_lean`)
) ENGINE=MyISAM DEFAULT CHARSET=latin1 AUTO_INCREMENT=1 ;

--
-- Dumping data for table `lean`
--


-- --------------------------------------------------------

--
-- Table structure for table `nominal_tilang`
--

CREATE TABLE IF NOT EXISTS `nominal_tilang` (
  `id_nominal` int(11) NOT NULL AUTO_INCREMENT,
  `kode_jabatan` varchar(50) DEFAULT NULL,
  `tilang_1` bigint(20) DEFAULT NULL,
  `tilang_2` bigint(20) DEFAULT NULL,
  `tilang_3` bigint(20) DEFAULT NULL,
  `tilang_4` bigint(20) DEFAULT NULL,
  `tilang_5` bigint(20) DEFAULT NULL,
  PRIMARY KEY (`id_nominal`)
) ENGINE=MyISAM  DEFAULT CHARSET=latin1 AUTO_INCREMENT=14 ;

--
-- Dumping data for table `nominal_tilang`
--

INSERT INTO `nominal_tilang` (`id_nominal`, `kode_jabatan`, `tilang_1`, `tilang_2`, `tilang_3`, `tilang_4`, `tilang_5`) VALUES
(1, '1', 10000, 25000, 100000, 200000, 400000),
(2, '2', 10000, 25000, 100000, 200000, 400000),
(3, '3', 10000, 25000, 100000, 200000, 400000),
(4, '4', 10000, 25000, 100000, 200000, 400000),
(5, '5', 10000, 25000, 100000, 200000, 400000),
(6, '6', 10000, 25000, 100000, 200000, 400000),
(7, '7', 5000, 15000, 75000, 150000, 250000),
(8, '8', 5000, 15000, 75000, 150000, 250000),
(9, '9', 2500, 10000, 50000, 100000, 150000),
(10, '10', 2500, 10000, 50000, 100000, 150000);

-- --------------------------------------------------------

--
-- Table structure for table `sub_kategori`
--

CREATE TABLE IF NOT EXISTS `sub_kategori` (
  `id_sub_kategori` int(11) NOT NULL AUTO_INCREMENT,
  `id_kategori` int(11) DEFAULT NULL,
  `nama_sub_kategori` varchar(100) DEFAULT NULL,
  `status` enum('AKTIF','NON AKTIF') DEFAULT NULL,
  PRIMARY KEY (`id_sub_kategori`)
) ENGINE=MyISAM  DEFAULT CHARSET=latin1 AUTO_INCREMENT=42 ;

--
-- Dumping data for table `sub_kategori`
--

INSERT INTO `sub_kategori` (`id_sub_kategori`, `id_kategori`, `nama_sub_kategori`, `status`) VALUES
(1, 2, '1.	Bilamana ada temuan 5R pada area bersama maka dikenakan tilang ke semua personil yang ada di area', 'AKTIF'),
(2, 2, '2.	Bila ada temuan 5R pada area umum maka dikenakan tilang kepada penanggung jawab area dan atau ata', 'AKTIF'),
(3, 2, '3.	Barang - barang tidak ringkas/isi lemari tidak ringkas/berjubel', 'AKTIF'),
(4, 2, '4.	Terdapat sampah dan area terlihat kotor', 'AKTIF'),
(5, 2, '5.	Barang yang diletakan belum terklasifikasi secara homogen/masih nyampur', 'AKTIF'),
(6, 2, '6.	Isi lemari tidak rapi dan berantakan', 'AKTIF'),
(7, 2, '7.	Terdapat barang - barang tidak pada tempat seharusnya dan tempat sampah belum ada garis marka', 'AKTIF'),
(8, 2, '8.	Terdapat asset perusahaan yang tidak terawat', 'AKTIF'),
(9, 2, '9.	Ruang meeting yang habis digunakan tidak segera dibersihkan', 'AKTIF'),
(10, 2, '10.	Hal - hal lain yang diatur didalam Penilaian 5R dan PKB', 'AKTIF'),
(11, 3, '1.	Tidak memakai APD', 'AKTIF'),
(12, 3, '2.	Tidak mematuhi rambu K3', 'AKTIF'),
(13, 3, '3.	Tidak mematuhi garis marka jalan', 'AKTIF'),
(14, 3, '4.	Terdapat unsafe action yaitu : perilaku yang tidak aman, misalnya : operator menaiki handlift, jo', 'AKTIF'),
(15, 3, '5.	Terdapat unsafe condition yaitu : kondisi tempat kerja yang tidak aman, misalnya : ruang produksi', 'AKTIF'),
(16, 3, '6.	Hal - hal lain yang diatur didalam Prosedur P2K3/SMK3 dan PKB', 'AKTIF'),
(17, 4, '1.	Penanganan waste tidak sesuai prosedur SMP/menyimpang', 'AKTIF'),
(18, 4, '2.	Sengaja merusak barang milik perusahaan', 'AKTIF'),
(19, 4, '3.	Petugas security tidak melakukan pemeriksaan keluar masuknya kendaraan', 'AKTIF'),
(20, 4, '4.	Petugas security membiarkan keluarnya barang tanpa IPB (Ijin Pengeluaran Barang)', 'AKTIF'),
(21, 4, '5.	Petugas security (satpam) membiarkan keluarnya karyawan tanpa penggeledahan', 'AKTIF'),
(22, 4, '6.	Kedapatan membawa handphone berkamera/kamera selain manager up atau karyawan yang mendapat dispen', 'AKTIF'),
(23, 4, '7.	Jika diketahui ada barang private yang tertutup keluar tanpa persetujuan IS/pimpinan unit', 'AKTIF'),
(24, 4, '8.	Ditemukan barang security yang pengendaliannya tidak aman/sulit dipertanggung jawabkan', 'AKTIF'),
(25, 4, '9.	Hal - hal lain yang diatur didalam Prosedur SMP dan PKB', 'AKTIF'),
(26, 5, '1.	Tidak memakai seragam (Pengecualian : level manager ke atas, belum memiliki seragam, karena alasa', 'AKTIF'),
(27, 5, '2.	Tidak memakai sepatu ketika memasuki area perusahaan meliputi : area terbatas, area terlarang dan', 'AKTIF'),
(28, 5, '3.	Tidak memakai/membawa kartu tanda pengenal/ID Card', 'AKTIF'),
(29, 5, '4.	Hal - hal lain yang diatur didalam PKB', 'AKTIF'),
(30, 1, '1.	Terlambat masuk kerja', 'AKTIF'),
(31, 1, '2.	Karyawan yang sudah absen tidak diperbolehkan keluar (melewati pintu geledah) untuk kepentingan p', 'AKTIF'),
(32, 1, '3.	Melebihi waktu jam istirahat (toleransi tambahan maksimal 5 menit)', 'AKTIF'),
(33, 1, '4.	Pulang sebelum waktunya tanpa ijin tertulis', 'AKTIF'),
(34, 1, '5.	Tidak melakukan absen pada saat masuk maupun pulang kerja', 'AKTIF'),
(35, 1, '6.	Antrian (keluar dari area kerja) sebelum istirahat pada hari biasa (melebihi 5 menit)dari waktu y', 'AKTIF'),
(36, 1, '7.	Antrian (keluar dari area kerja) sebelum istirahat pada hari Jumat (melebihi 10 menit)dari waktu ', 'AKTIF'),
(37, 1, '8.	Khusus karyawan yang mengikuti program olahraga perusahaan mendapat dispensasi waktu maksimal 30 ', 'AKTIF'),
(38, 1, '9.	Hal - hal lain yang diatur didalam Prosedur SMT dan PKB', 'AKTIF'),
(41, 7, 'test sub update', 'NON AKTIF');

-- --------------------------------------------------------

--
-- Table structure for table `tilang`
--

CREATE TABLE IF NOT EXISTS `tilang` (
  `id_tilang` int(11) NOT NULL AUTO_INCREMENT,
  `nik` varchar(20) DEFAULT NULL,
  `tanggal_tilang` date DEFAULT NULL,
  `id_sub_kategori` int(11) DEFAULT NULL,
  `keterangan` text,
  `nominal_tilang` bigint(20) DEFAULT NULL,
  `nik_penilang` varchar(20) DEFAULT NULL,
  PRIMARY KEY (`id_tilang`)
) ENGINE=MyISAM  DEFAULT CHARSET=latin1 AUTO_INCREMENT=204 ;

--
-- Dumping data for table `tilang`
--

INSERT INTO `tilang` (`id_tilang`, `nik`, `tanggal_tilang`, `id_sub_kategori`, `keterangan`, `nominal_tilang`, `nik_penilang`) VALUES
(1, '08370', '2017-06-14', 2, '', 2500, '10184'),
(2, '09278', '2017-06-17', 5, '', 2500, '10184'),
(3, '08011', '2017-06-16', 5, '', 2500, '10184'),
(4, '08208', '2017-06-06', 5, '', 2500, '10184'),
(5, '00164', '2017-06-06', 5, '', 2500, '10184'),
(6, '17113', '2017-06-06', 5, '', 2500, '10184'),
(7, '06769', '2017-06-10', 5, '', 2500, '10184'),
(8, '83849', '2017-06-14', 2, '', 2500, '10184'),
(9, '83849', '2017-06-06', 2, '', 2500, '10184'),
(10, '02988', '2017-06-16', 5, '', 2500, '10184'),
(11, '93000', '2017-06-14', 2, '', 2500, '10184'),
(12, '04288', '2017-06-14', 2, '', 2500, '10184'),
(13, '04288', '2017-06-22', 5, '', 2500, '10184'),
(14, '79117', '2017-06-14', 2, '', 2500, '10184'),
(15, '59616', '2017-06-14', 2, '', 2500, '10184'),
(16, '59516', '2017-06-14', 2, '', 2500, '10184'),
(17, '00519', '2017-06-14', 2, '', 2500, '10184'),
(18, '10257', '2017-06-06', 5, '', 2500, '10184'),
(19, '07857', '2017-06-14', 2, '', 2500, '10184'),
(20, '10186', '2017-06-17', 5, '', 2500, '10184'),
(21, '20096', '2017-06-06', 5, '', 2500, '10184'),
(22, '09941', '2017-06-17', 5, '', 2500, '10184'),
(23, '05467', '2017-06-02', 1, '', 2500, '10184'),
(24, '73303', '2017-06-02', 5, '', 2500, '10184'),
(25, '05467', '2017-06-03', 1, '', 2500, '10184'),
(26, '09228', '2017-06-05', 1, '', 10000, '10184'),
(27, '02479', '2017-06-05', 5, '', 10000, '10184'),
(28, '06874', '2017-06-06', 5, '', 10000, '10184'),
(29, '11892', '2017-06-07', 5, '', 10000, '10184'),
(30, '07999', '2017-06-07', 5, '', 10000, '10184'),
(31, '04053', '2017-06-10', 5, '', 2500, '10184'),
(32, '06769', '2017-06-10', 5, '', 2500, '10184'),
(33, '10329', '2017-06-10', 5, '', 10000, '10184'),
(34, '02988', '2017-06-16', 5, '', 2500, '10184'),
(35, '10970', '2017-06-16', 5, '', 10000, '10184'),
(36, '11825', '2017-06-16', 5, '', 10000, '10184'),
(37, '10329', '2017-06-16', 5, '', 10000, '10184'),
(38, '08011', '2017-06-16', 5, '', 2500, '10184'),
(39, '11825', '2017-06-17', 5, '', 10000, '10184'),
(40, '10186', '2017-06-17', 5, '', 2500, '10184'),
(41, '09278', '2017-06-17', 5, '', 2500, '10184'),
(42, '11808', '2017-06-22', 5, '', 10000, '10184'),
(43, '04288', '2017-06-22', 5, '', 2500, '10184'),
(44, '08008', '2017-07-19', 5, '', 2500, '10184'),
(45, '11461', '2017-07-11', 5, '', 10000, '10184'),
(46, '07901', '2017-07-02', 5, '', 2500, '10184'),
(47, '92967', '2017-07-14', 2, '', 2500, '10184'),
(48, '08213', '2017-07-20', 2, '', 2500, '10184'),
(49, '04288', '2017-09-01', 5, '', 2500, '10184'),
(50, '09868', '2017-07-05', 1, '', 2500, '10184'),
(51, '04053', '2017-07-05', 5, '', 2500, '10184'),
(52, '04053', '2017-07-10', 5, '', 2500, '10184'),
(53, '02988', '2017-07-11', 5, '', 2500, '10184'),
(54, '04053', '2017-07-13', 5, '', 2500, '10184'),
(55, '04748', '2017-07-15', 5, '', 2500, '10184'),
(56, '09253', '2017-07-13', 5, '', 10000, '10184'),
(57, '08006', '2017-07-18', 3, '', 2500, '10184'),
(58, '79117', '2017-07-01', 5, '', 2500, '10184'),
(59, '08645', '2017-07-19', 2, '', 2500, '10184'),
(60, '79117', '2017-07-01', 5, '', 2500, '10184'),
(61, '18717', '2017-07-18', 2, '', 2500, '10184'),
(62, '18717', '2017-07-13', 1, '', 2500, '10184'),
(63, '20098', '2017-09-19', 3, '', 2500, '10184'),
(64, '79117', '2017-07-13', 1, '', 2500, '10184'),
(65, '79117', '2017-07-18', 1, '', 2500, '10184'),
(66, '79117', '2017-07-20', 1, '', 2500, '10184'),
(67, '29971', '2017-07-19', 2, '', 2500, '10184'),
(68, '34951', '2017-07-19', 2, '', 2500, '10184'),
(69, '29971', '2017-07-20', 2, '', 2500, '10184'),
(70, '29971', '2017-07-19', 3, '', 2500, '10184'),
(71, '49717', '2017-07-19', 2, '', 2500, '10184'),
(72, '17113', '2017-07-01', 1, '', 2500, '10184'),
(73, '06874', '2017-07-14', 5, '', 10000, '10184'),
(74, '08002', '2017-07-19', 5, '', 2500, '10184'),
(75, '08381', '2017-07-01', 1, '', 2500, '10184'),
(76, '10186', '2017-07-15', 5, '', 2500, '10184'),
(77, '05696', '2017-07-01', 5, '', 2500, '10184'),
(78, '05258', '2017-07-13', 5, '', 10000, '10184'),
(79, '09838', '2017-07-12', 5, '', 2500, '10184'),
(80, '89016', '2017-07-20', 5, '', 2500, '10184'),
(81, '79617', '2017-07-19', 2, '', 2500, '10184'),
(82, '05696', '2017-07-15', 5, '', 2500, '10184'),
(83, '09315', '2017-07-20', 5, '', 2500, '10184'),
(84, '07857', '2017-07-01', 5, '', 2500, '10184'),
(85, '10731', '2017-07-19', 2, '', 2500, '10184'),
(86, '06890', '2017-07-01', 5, '', 2500, '10184'),
(87, '02358', '2017-07-01', 5, '', 2500, '10184'),
(88, '06769', '2017-07-01', 5, '', 2500, '10184'),
(89, '05467', '2017-07-10', 5, '', 2500, '10184'),
(90, '04776', '2017-07-15', 5, '', 2500, '10184'),
(91, '08440', '2017-07-15', 5, '', 2500, '10184'),
(92, '08011', '2017-07-20', 5, '', 2500, '10184'),
(93, '09838', '2017-07-06', 1, '', 2500, '10184'),
(151, '07835', '2017-09-04', 4, 'Area bongkar muat bagian atas terlihat kotor', 10000, '10184'),
(152, '73303', '2017-09-16', 10, 'checklist 5R belum update', 2500, '10184'),
(153, '93980', '2017-09-16', 10, 'checklist AC belum update', 10000, '10184'),
(154, '07999', '2017-09-12', 11, 'tidak pakai masker', 10000, '10184'),
(155, '08208', '2017-09-12', 29, 'tidak absen finger', 2500, '10184'),
(156, '07857', '2017-09-19', 29, 'tidak absen finger', 2500, '10184'),
(157, '05696', '2017-09-09', 29, 'tidak absen finger', 2500, '10184'),
(158, '11892', '2017-09-26', 26, 'tidak pakai seragam', 10000, '10184'),
(159, '59516', '2017-09-04', 28, 'tidak bawa id card', 2500, '10184'),
(160, '08370', '2017-09-08', 29, 'tidur di kantor lain', 2500, '10184'),
(161, '05343', '2017-09-08', 29, 'membiarkan karyawan tidur', 10000, '10184'),
(162, '93997', '2017-09-08', 29, 'membiarkan karyawan tidur', 5000, '10184'),
(163, '04053', '2017-09-14', 29, 'tidak absen finger', 2500, '10184'),
(164, '05467', '2017-09-14', 30, 'terlambat', 2500, '10184'),
(165, '09228', '2017-09-15', 30, 'terlambat', 10000, '10184'),
(166, '09838', '2017-09-08', 30, 'terlambat', 2500, '10184'),
(167, '09253', '2017-09-23', 30, 'terlambat', 10000, '10184'),
(168, '11461', '2017-09-14', 30, 'terlambat', 10000, '10184'),
(169, '08000', '2017-10-06', 29, 'tidak absen finger', 2500, '10184'),
(170, '05467', '2017-10-06', 29, 'tidak absen finger', 2500, '10184'),
(171, '11825', '2017-10-10', 29, 'tidak absen finger', 10000, '10184'),
(172, '18717', '2017-10-09', 30, 'terlambat', 2500, '10184'),
(173, '08375', '2017-10-09', 29, 'tidak absen finger', 2500, '10184'),
(174, '89617', '2017-10-10', 30, 'terlambat', 2500, '10184'),
(175, '59516', '2017-10-10', 7, 'laci ada sachet minuman', 2500, '10184'),
(176, '67991', '2017-10-10', 7, 'isi laci tidak sesuai', 2500, '10184'),
(177, '04288', '2017-10-10', 7, 'ada kerupuk pada lemari label', 2500, '10184'),
(178, '17113', '2017-10-11', 29, 'tidak absen finger', 2500, '10184'),
(179, '10329', '2017-10-11', 29, 'tidak absen finger', 10000, '10184'),
(180, '02479', '2017-10-11', 29, 'tidak absen finger', 10000, '10184'),
(181, '79617', '2017-10-16', 29, 'tidak absen finger', 2500, '10184'),
(182, '09980', '2017-10-16', 29, 'tidak absen finger', 2500, '10184'),
(183, '71215', '2017-10-17', 29, 'tidak absen finger', 2500, '10184'),
(184, '00609', '2017-10-17', 29, 'tidak absen finger', 2500, '10184'),
(185, '79117', '2017-10-18', 29, 'tidak absen finger', 2500, '59516'),
(186, '93997', '2017-10-19', 30, 'terlambat', 5000, '10184'),
(187, '99816', '2017-10-20', 30, 'terlambat', 2500, '10184'),
(188, '13971', '2017-10-20', 30, 'terlambat', 2500, '10184'),
(189, '10731', '2017-10-21', 30, 'terlambat', 2500, '10184'),
(190, '11892', '2017-10-25', 29, 'tidak absen finger', 10000, '10184'),
(191, '10329', '2017-10-26', 29, 'tidak absen finger', 10000, '10184'),
(192, '08006', '2017-10-26', 29, 'tidak absen finger', 2500, '10184'),
(193, '00164', '2017-10-26', 30, 'terlambat', 2500, '10184'),
(194, '09838', '2017-10-26', 30, 'terlambat', 2500, '10184'),
(195, '06769', '2017-10-28', 30, 'terlambat', 2500, '10184'),
(196, '07997', '2017-10-28', 29, 'tidak absen finger', 10000, '10184'),
(197, '04987', '2017-10-28', 29, 'tidak absen finger', 2500, '10184');

/*!40101 SET CHARACTER_SET_CLIENT=@OLD_CHARACTER_SET_CLIENT */;
/*!40101 SET CHARACTER_SET_RESULTS=@OLD_CHARACTER_SET_RESULTS */;
/*!40101 SET COLLATION_CONNECTION=@OLD_COLLATION_CONNECTION */;
